file,class,speckle,small_clusters,color_regions,edge_density
src/Presentation/assets/sprites_16bf/world_24x24/oryx_16bit_fantasy_world_100.png,world_24x24,9,11,16,0.4276
src/Presentation/assets/sprites_16bf/world_24x24/oryx_16bit_fantasy_world_1000.png,world_24x24,6,17,22,0.2928
src/Presentation/assets/sprites_16bf/world_24x24/oryx_16bit_fantasy_world_1001.png,world_24x24,2,11,15,0.1932
src/Presentation/assets/sprites_16bf/world_24x24/oryx_16bit_fantasy_world_1002.png,world_24x24,7,17,23,0.3115
src/Presentation/assets/sprites_16bf/world_24x24/oryx_16bit_fantasy_world_1003.png,world_24x24,8,19,24,0.3059
src/Presentation/assets/sprites_16bf/world_24x24/oryx_16bit_fantasy_world_1004.png,world_24x24,2,11,15,0.1932
src/Presentation/assets/sprites_16bf/world_24x24/oryx_16bit_fantasy_world_1005.png,world_24x24,6,16,22,0.3007
src/Presentation/assets/sprites_16bf/world_24x24/oryx_16bit_fantasy_world_1006.png,world_24x24,10,18,21,0.2029
src/Presentation/assets/sprites_16bf/world_24x24/oryx_16bit_fantasy_world_1007.png,world_24x24,13,24,26,0.2452
src/Presentation/assets/sprites_16bf/world_24x24/oryx_16bit_fantasy_world_1008.png,world_24x24,12,21,24,0.2332
src/Presentation/assets/sprites_16bf/world_24x24/oryx_16bit_fantasy_world_1009.png,world_24x24,7,16,19,0.2059
src/Presentation/assets/sprites_16bf/world_24x24/oryx_16bit_fantasy_world_1010.png,world_24x24,16,16,17,0.0909
src/Presentation/assets/sprites_16bf/world_24x24/oryx_16bit_fantasy_world_1011.png,world_24x24,11,11,12,0.0673
src/Presentation/assets/sprites_16bf/world_24x24/oryx_16bit_fantasy_world_1012.png,world_24x24,7,10,14,0.1549
src/Presentation/assets/sprites_16bf/world_24x24/oryx_16bit_fantasy_world_1013.png,world_24x24,9,10,14,0.1358
src/Presentation/assets/sprites_16bf/world_24x24/oryx_16bit_fantasy_world_1014.png,world_24x24,17,24,27,0.2171
src/Presentation/assets/sprites_16bf/world_24x24/oryx_16bit_fantasy_world_1015.png,world_24x24,8,17,21,0.2455
src/Presentation/assets/sprites_16bf/world_24x24/oryx_16bit_fantasy_world_1016.png,world_24x24,10,19,23,0.2575
src/Presentation/assets/sprites_16bf/world_24x24/oryx_16bit_fantasy_world_102.png,world_24x24,20,57,86,0.8814
src/Presentation/assets/sprites_16bf/world_24x24/oryx_16bit_fantasy_world_1028.png,world_24x24,14,17,26,0.5608
src/Presentation/assets/sprites_16bf/world_24x24/oryx_16bit_fantasy_world_1029.png,world_24x24,14,17,26,0.5608
src/Presentation/assets/sprites_16bf/world_24x24/oryx_16bit_fantasy_world_103.png,world_24x24,20,49,74,0.8947
src/Presentation/assets/sprites_16bf/world_24x24/oryx_16bit_fantasy_world_1030.png,world_24x24,14,17,26,0.5608
src/Presentation/assets/sprites_16bf/world_24x24/oryx_16bit_fantasy_world_1031.png,world_24x24,5,20,32,0.4878
src/Presentation/assets/sprites_16bf/world_24x24/oryx_16bit_fantasy_world_1032.png,world_24x24,7,23,37,0.625
src/Presentation/assets/sprites_16bf/world_24x24/oryx_16bit_fantasy_world_1033.png,world_24x24,1,7,14,0.2222
src/Presentation/assets/sprites_16bf/world_24x24/oryx_16bit_fantasy_world_1034.png,world_24x24,8,15,31,0.5747
src/Presentation/assets/sprites_16bf/world_24x24/oryx_16bit_fantasy_world_1035.png,world_24x24,7,12,20,0.6765
src/Presentation/assets/sprites_16bf/world_24x24/oryx_16bit_fantasy_world_1036.png,world_24x24,7,7,18,0.4253
src/Presentation/assets/sprites_16bf/world_24x24/oryx_16bit_fantasy_world_1037.png,world_24x24,14,17,27,0.6354
src/Presentation/assets/sprites_16bf/world_24x24/oryx_16bit_fantasy_world_1038.png,world_24x24,19,20,30,0.6267
src/Presentation/assets/sprites_16bf/world_24x24/oryx_16bit_fantasy_world_1039.png,world_24x24,7,12,22,0.5486
src/Presentation/assets/sprites_16bf/world_24x24/oryx_16bit_fantasy_world_104.png,world_24x24,40,80,96,0.8849
src/Presentation/assets/sprites_16bf/world_24x24/oryx_16bit_fantasy_world_1040.png,world_24x24,23,30,43,0.6458
src/Presentation/assets/sprites_16bf/world_24x24/oryx_16bit_fantasy_world_1041.png,world_24x24,21,31,39,0.5903
src/Presentation/assets/sprites_16bf/world_24x24/oryx_16bit_fantasy_world_1042.png,world_24x24,14,15,23,0.4358
src/Presentation/assets/sprites_16bf/world_24x24/oryx_16bit_fantasy_world_1043.png,world_24x24,14,17,26,0.599
src/Presentation/assets/sprites_16bf/world_24x24/oryx_16bit_fantasy_world_1044.png,world_24x24,9,10,17,0.4167
src/Presentation/assets/sprites_16bf/world_24x24/oryx_16bit_fantasy_world_1045.png,world_24x24,15,15,23,0.4062
src/Presentation/assets/sprites_16bf/world_24x24/oryx_16bit_fantasy_world_1046.png,world_24x24,7,8,17,0.5382
src/Presentation/assets/sprites_16bf/world_24x24/oryx_16bit_fantasy_world_1047.png,world_24x24,12,16,25,0.5191
src/Presentation/assets/sprites_16bf/world_24x24/oryx_16bit_fantasy_world_1048.png,world_24x24,15,24,36,0.4375
src/Presentation/assets/sprites_16bf/world_24x24/oryx_16bit_fantasy_world_1049.png,world_24x24,9,11,20,0.3142
src/Presentation/assets/sprites_16bf/world_24x24/oryx_16bit_fantasy_world_105.png,world_24x24,40,80,96,0.8849
src/Presentation/assets/sprites_16bf/world_24x24/oryx_16bit_fantasy_world_1050.png,world_24x24,10,13,24,0.4149
src/Presentation/assets/sprites_16bf/world_24x24/oryx_16bit_fantasy_world_1051.png,world_24x24,11,16,25,0.3906
src/Presentation/assets/sprites_16bf/world_24x24/oryx_16bit_fantasy_world_1052.png,world_24x24,12,16,29,0.5
src/Presentation/assets/sprites_16bf/world_24x24/oryx_16bit_fantasy_world_1053.png,world_24x24,34,57,74,0.6632
src/Presentation/assets/sprites_16bf/world_24x24/oryx_16bit_fantasy_world_1054.png,world_24x24,37,55,75,0.7257
src/Presentation/assets/sprites_16bf/world_24x24/oryx_16bit_fantasy_world_1056.png,world_24x24,0,0,1,0.0
src/Presentation/assets/sprites_16bf/world_24x24/oryx_16bit_fantasy_world_1057.png,world_24x24,8,8,9,0.0556
src/Presentation/assets/sprites_16bf/world_24x24/oryx_16bit_fantasy_world_1058.png,world_24x24,9,10,14,0.1323
src/Presentation/assets/sprites_16bf/world_24x24/oryx_16bit_fantasy_world_1059.png,world_24x24,7,11,13,0.1135
src/Presentation/assets/sprites_16bf/world_24x24/oryx_16bit_fantasy_world_106.png,world_24x24,20,41,49,0.8857
src/Presentation/assets/sprites_16bf/world_24x24/oryx_16bit_fantasy_world_1060.png,world_24x24,9,14,16,0.1243
src/Presentation/assets/sprites_16bf/world_24x24/oryx_16bit_fantasy_world_1061.png,world_24x24,7,10,13,0.1131
src/Presentation/assets/sprites_16bf/world_24x24/oryx_16bit_fantasy_world_1062.png,world_24x24,13,21,25,0.2343
src/Presentation/assets/sprites_16bf/world_24x24/oryx_16bit_fantasy_world_1063.png,world_24x24,15,25,28,0.2309
src/Presentation/assets/sprites_16bf/world_24x24/oryx_16bit_fantasy_world_1064.png,world_24x24,15,25,29,0.2326
src/Presentation/assets/sprites_16bf/world_24x24/oryx_16bit_fantasy_world_1065.png,world_24x24,21,31,34,0.256
src/Presentation/assets/sprites_16bf/world_24x24/oryx_16bit_fantasy_world_1066.png,world_24x24,5,15,18,0.6471
src/Presentation/assets/sprites_16bf/world_24x24/oryx_16bit_fantasy_world_1067.png,world_24x24,5,13,17,0.7168
src/Presentation/assets/sprites_16bf/world_24x24/oryx_16bit_fantasy_world_1068.png,world_24x24,7,17,20,0.6723
src/Presentation/assets/sprites_16bf/world_24x24/oryx_16bit_fantasy_world_1069.png,world_24x24,3,11,15,0.6637
src/Presentation/assets/sprites_16bf/world_24x24/oryx_16bit_fantasy_world_107.png,world_24x24,20,57,86,0.8814
src/Presentation/assets/sprites_16bf/world_24x24/oryx_16bit_fantasy_world_1070.png,world_24x24,7,21,26,0.6588
src/Presentation/assets/sprites_16bf/world_24x24/oryx_16bit_fantasy_world_1071.png,world_24x24,8,22,28,0.659
src/Presentation/assets/sprites_16bf/world_24x24/oryx_16bit_fantasy_world_1072.png,world_24x24,7,21,26,0.6474
src/Presentation/assets/sprites_16bf/world_24x24/oryx_16bit_fantasy_world_1073.png,world_24x24,7,21,27,0.6647
src/Presentation/assets/sprites_16bf/world_24x24/oryx_16bit_fantasy_world_1074.png,world_24x24,12,31,34,0.5885
src/Presentation/assets/sprites_16bf/world_24x24/oryx_16bit_fantasy_world_1075.png,world_24x24,3,12,14,0.8542
src/Presentation/assets/sprites_16bf/world_24x24/oryx_16bit_fantasy_world_1076.png,world_24x24,2,7,10,0.8333
src/Presentation/assets/sprites_16bf/world_24x24/oryx_16bit_fantasy_world_1077.png,world_24x24,3,14,15,0.9091
src/Presentation/assets/sprites_16bf/world_24x24/oryx_16bit_fantasy_world_1078.png,world_24x24,3,9,12,0.9286
src/Presentation/assets/sprites_16bf/world_24x24/oryx_16bit_fantasy_world_1079.png,world_24x24,3,6,10,0.6837
src/Presentation/assets/sprites_16bf/world_24x24/oryx_16bit_fantasy_world_108.png,world_24x24,20,49,74,0.8947
src/Presentation/assets/sprites_16bf/world_24x24/oryx_16bit_fantasy_world_1080.png,world_24x24,6,15,18,0.5965
src/Presentation/assets/sprites_16bf/world_24x24/oryx_16bit_fantasy_world_1085.png,world_24x24,11,20,29,0.6267
src/Presentation/assets/sprites_16bf/world_24x24/oryx_16bit_fantasy_world_1086.png,world_24x24,11,20,29,0.6267
src/Presentation/assets/sprites_16bf/world_24x24/oryx_16bit_fantasy_world_1087.png,world_24x24,11,20,29,0.6267
src/Presentation/assets/sprites_16bf/world_24x24/oryx_16bit_fantasy_world_1088.png,world_24x24,4,4,10,0.3524
src/Presentation/assets/sprites_16bf/world_24x24/oryx_16bit_fantasy_world_1089.png,world_24x24,0,1,7,0.3906
src/Presentation/assets/sprites_16bf/world_24x24/oryx_16bit_fantasy_world_109.png,world_24x24,40,80,96,0.8849
src/Presentation/assets/sprites_16bf/world_24x24/oryx_16bit_fantasy_world_1090.png,world_24x24,3,3,9,0.3646
src/Presentation/assets/sprites_16bf/world_24x24/oryx_16bit_fantasy_world_1091.png,world_24x24,4,4,6,0.2899
src/Presentation/assets/sprites_16bf/world_24x24/oryx_16bit_fantasy_world_1092.png,world_24x24,12,17,29,0.7529
src/Presentation/assets/sprites_16bf/world_24x24/oryx_16bit_fantasy_world_1093.png,world_24x24,9,13,25,0.467
src/Presentation/assets/sprites_16bf/world_24x24/oryx_16bit_fantasy_world_1094.png,world_24x24,10,14,25,0.6875
src/Presentation/assets/sprites_16bf/world_24x24/oryx_16bit_fantasy_world_1095.png,world_24x24,17,25,36,0.6389
src/Presentation/assets/sprites_16bf/world_24x24/oryx_16bit_fantasy_world_1096.png,world_24x24,10,18,31,0.5764
src/Presentation/assets/sprites_16bf/world_24x24/oryx_16bit_fantasy_world_1097.png,world_24x24,16,27,39,0.6944
src/Presentation/assets/sprites_16bf/world_24x24/oryx_16bit_fantasy_world_1098.png,world_24x24,19,25,34,0.625
src/Presentation/assets/sprites_16bf/world_24x24/oryx_16bit_fantasy_world_1099.png,world_24x24,9,13,21,0.4288
src/Presentation/assets/sprites_16bf/world_24x24/oryx_16bit_fantasy_world_110.png,world_24x24,40,80,96,0.8849
src/Presentation/assets/sprites_16bf/world_24x24/oryx_16bit_fantasy_world_1100.png,world_24x24,12,15,26,0.5833
src/Presentation/assets/sprites_16bf/world_24x24/oryx_16bit_fantasy_world_1101.png,world_24x24,5,10,19,0.5035
src/Presentation/assets/sprites_16bf/world_24x24/oryx_16bit_fantasy_world_1102.png,world_24x24,14,22,33,0.5017
src/Presentation/assets/sprites_16bf/world_24x24/oryx_16bit_fantasy_world_1103.png,world_24x24,7,10,21,0.5747
src/Presentation/assets/sprites_16bf/world_24x24/oryx_16bit_fantasy_world_1104.png,world_24x24,6,6,20,0.5885
src/Presentation/assets/sprites_16bf/world_24x24/oryx_16bit_fantasy_world_1105.png,world_24x24,15,26,39,0.4028
src/Presentation/assets/sprites_16bf/world_24x24/oryx_16bit_fantasy_world_1106.png,world_24x24,13,20,32,0.441
src/Presentation/assets/sprites_16bf/world_24x24/oryx_16bit_fantasy_world_1107.png,world_24x24,15,22,33,0.4236
src/Presentation/assets/sprites_16bf/world_24x24/oryx_16bit_fantasy_world_1108.png,world_24x24,13,19,31,0.5069
src/Presentation/assets/sprites_16bf/world_24x24/oryx_16bit_fantasy_world_1109.png,world_24x24,16,21,33,0.5365
src/Presentation/assets/sprites_16bf/world_24x24/oryx_16bit_fantasy_world_111.png,world_24x24,20,41,49,0.8857
src/Presentation/assets/sprites_16bf/world_24x24/oryx_16bit_fantasy_world_1110.png,world_24x24,37,65,88,0.7413
src/Presentation/assets/sprites_16bf/world_24x24/oryx_16bit_fantasy_world_1111.png,world_24x24,43,64,86,0.7899
src/Presentation/assets/sprites_16bf/world_24x24/oryx_16bit_fantasy_world_1113.png,world_24x24,2,11,17,0.3167
src/Presentation/assets/sprites_16bf/world_24x24/oryx_16bit_fantasy_world_1114.png,world_24x24,6,17,22,0.2928
src/Presentation/assets/sprites_16bf/world_24x24/oryx_16bit_fantasy_world_1115.png,world_24x24,2,11,15,0.1932
src/Presentation/assets/sprites_16bf/world_24x24/oryx_16bit_fantasy_world_1116.png,world_24x24,7,17,23,0.3115
src/Presentation/assets/sprites_16bf/world_24x24/oryx_16bit_fantasy_world_1117.png,world_24x24,8,19,24,0.3059
src/Presentation/assets/sprites_16bf/world_24x24/oryx_16bit_fantasy_world_1118.png,world_24x24,2,11,15,0.1932
src/Presentation/assets/sprites_16bf/world_24x24/oryx_16bit_fantasy_world_1119.png,world_24x24,6,16,22,0.3007
src/Presentation/assets/sprites_16bf/world_24x24/oryx_16bit_fantasy_world_112.png,world_24x24,23,45,50,0.8214
src/Presentation/assets/sprites_16bf/world_24x24/oryx_16bit_fantasy_world_1120.png,world_24x24,10,18,21,0.2029
src/Presentation/assets/sprites_16bf/world_24x24/oryx_16bit_fantasy_world_1121.png,world_24x24,13,24,26,0.2452
src/Presentation/assets/sprites_16bf/world_24x24/oryx_16bit_fantasy_world_1122.png,world_24x24,12,21,24,0.2332
src/Presentation/assets/sprites_16bf/world_24x24/oryx_16bit_fantasy_world_1123.png,world_24x24,7,16,19,0.2059
src/Presentation/assets/sprites_16bf/world_24x24/oryx_16bit_fantasy_world_1124.png,world_24x24,16,16,17,0.0909
src/Presentation/assets/sprites_16bf/world_24x24/oryx_16bit_fantasy_world_1125.png,world_24x24,11,11,12,0.0673
src/Presentation/assets/sprites_16bf/world_24x24/oryx_16bit_fantasy_world_1126.png,world_24x24,7,10,14,0.1549
src/Presentation/assets/sprites_16bf/world_24x24/oryx_16bit_fantasy_world_1127.png,world_24x24,9,10,14,0.1358
src/Presentation/assets/sprites_16bf/world_24x24/oryx_16bit_fantasy_world_1128.png,world_24x24,17,24,27,0.2171
src/Presentation/assets/sprites_16bf/world_24x24/oryx_16bit_fantasy_world_1129.png,world_24x24,8,17,21,0.2455
src/Presentation/assets/sprites_16bf/world_24x24/oryx_16bit_fantasy_world_113.png,world_24x24,12,22,25,0.8116
src/Presentation/assets/sprites_16bf/world_24x24/oryx_16bit_fantasy_world_1130.png,world_24x24,10,19,23,0.2575
src/Presentation/assets/sprites_16bf/world_24x24/oryx_16bit_fantasy_world_1142.png,world_24x24,10,11,17,0.5312
src/Presentation/assets/sprites_16bf/world_24x24/oryx_16bit_fantasy_world_1143.png,world_24x24,10,11,17,0.5312
src/Presentation/assets/sprites_16bf/world_24x24/oryx_16bit_fantasy_world_1144.png,world_24x24,10,11,17,0.5312
src/Presentation/assets/sprites_16bf/world_24x24/oryx_16bit_fantasy_world_1145.png,world_24x24,4,4,10,0.3524
src/Presentation/assets/sprites_16bf/world_24x24/oryx_16bit_fantasy_world_1146.png,world_24x24,0,1,7,0.3906
src/Presentation/assets/sprites_16bf/world_24x24/oryx_16bit_fantasy_world_1147.png,world_24x24,3,3,9,0.3646
src/Presentation/assets/sprites_16bf/world_24x24/oryx_16bit_fantasy_world_1148.png,world_24x24,4,4,6,0.2899
src/Presentation/assets/sprites_16bf/world_24x24/oryx_16bit_fantasy_world_1149.png,world_24x24,12,13,24,0.6529
src/Presentation/assets/sprites_16bf/world_24x24/oryx_16bit_fantasy_world_1150.png,world_24x24,10,11,19,0.408
src/Presentation/assets/sprites_16bf/world_24x24/oryx_16bit_fantasy_world_1151.png,world_24x24,10,11,17,0.5035
src/Presentation/assets/sprites_16bf/world_24x24/oryx_16bit_fantasy_world_1152.png,world_24x24,12,14,20,0.4983
src/Presentation/assets/sprites_16bf/world_24x24/oryx_16bit_fantasy_world_1153.png,world_24x24,10,11,18,0.4826
src/Presentation/assets/sprites_16bf/world_24x24/oryx_16bit_fantasy_world_1154.png,world_24x24,10,13,20,0.5104
src/Presentation/assets/sprites_16bf/world_24x24/oryx_16bit_fantasy_world_1155.png,world_24x24,14,22,30,0.5799
src/Presentation/assets/sprites_16bf/world_24x24/oryx_16bit_fantasy_world_1156.png,world_24x24,10,16,25,0.5451
src/Presentation/assets/sprites_16bf/world_24x24/oryx_16bit_fantasy_world_1157.png,world_24x24,11,15,23,0.5347
src/Presentation/assets/sprites_16bf/world_24x24/oryx_16bit_fantasy_world_1158.png,world_24x24,11,18,28,0.5729
src/Presentation/assets/sprites_16bf/world_24x24/oryx_16bit_fantasy_world_1159.png,world_24x24,11,23,32,0.5642
src/Presentation/assets/sprites_16bf/world_24x24/oryx_16bit_fantasy_world_116.png,world_24x24,13,13,18,0.4913
src/Presentation/assets/sprites_16bf/world_24x24/oryx_16bit_fantasy_world_1160.png,world_24x24,15,17,23,0.5017
src/Presentation/assets/sprites_16bf/world_24x24/oryx_16bit_fantasy_world_1161.png,world_24x24,18,23,30,0.5434
src/Presentation/assets/sprites_16bf/world_24x24/oryx_16bit_fantasy_world_1162.png,world_24x24,13,16,28,0.5851
src/Presentation/assets/sprites_16bf/world_24x24/oryx_16bit_fantasy_world_1163.png,world_24x24,13,23,35,0.5712
src/Presentation/assets/sprites_16bf/world_24x24/oryx_16bit_fantasy_world_1164.png,world_24x24,13,26,34,0.566
src/Presentation/assets/sprites_16bf/world_24x24/oryx_16bit_fantasy_world_1165.png,world_24x24,15,27,36,0.6215
src/Presentation/assets/sprites_16bf/world_24x24/oryx_16bit_fantasy_world_1166.png,world_24x24,11,12,18,0.4913
src/Presentation/assets/sprites_16bf/world_24x24/oryx_16bit_fantasy_world_1167.png,world_24x24,9,12,25,0.6605
src/Presentation/assets/sprites_16bf/world_24x24/oryx_16bit_fantasy_world_1168.png,world_24x24,12,28,46,0.6557
src/Presentation/assets/sprites_16bf/world_24x24/oryx_16bit_fantasy_world_117.png,world_24x24,19,28,40,0.6302
src/Presentation/assets/sprites_16bf/world_24x24/oryx_16bit_fantasy_world_1170.png,world_24x24,0,0,1,0.0
src/Presentation/assets/sprites_16bf/world_24x24/oryx_16bit_fantasy_world_1171.png,world_24x24,10,10,11,0.059
src/Presentation/assets/sprites_16bf/world_24x24/oryx_16bit_fantasy_world_1172.png,world_24x24,11,12,16,0.1358
src/Presentation/assets/sprites_16bf/world_24x24/oryx_16bit_fantasy_world_1173.png,world_24x24,9,13,15,0.117
src/Presentation/assets/sprites_16bf/world_24x24/oryx_16bit_fantasy_world_1174.png,world_24x24,11,16,18,0.1279
src/Presentation/assets/sprites_16bf/world_24x24/oryx_16bit_fantasy_world_1175.png,world_24x24,7,10,13,0.1131
src/Presentation/assets/sprites_16bf/world_24x24/oryx_16bit_fantasy_world_1176.png,world_24x24,12,20,24,0.2251
src/Presentation/assets/sprites_16bf/world_24x24/oryx_16bit_fantasy_world_1177.png,world_24x24,15,25,28,0.2309
src/Presentation/assets/sprites_16bf/world_24x24/oryx_16bit_fantasy_world_1178.png,world_24x24,15,25,29,0.2326
src/Presentation/assets/sprites_16bf/world_24x24/oryx_16bit_fantasy_world_1179.png,world_24x24,21,31,34,0.256
src/Presentation/assets/sprites_16bf/world_24x24/oryx_16bit_fantasy_world_118.png,world_24x24,33,51,69,0.7257
src/Presentation/assets/sprites_16bf/world_24x24/oryx_16bit_fantasy_world_1180.png,world_24x24,5,15,18,0.6471
src/Presentation/assets/sprites_16bf/world_24x24/oryx_16bit_fantasy_world_1181.png,world_24x24,5,13,17,0.7168
src/Presentation/assets/sprites_16bf/world_24x24/oryx_16bit_fantasy_world_1182.png,world_24x24,7,17,20,0.6723
src/Presentation/assets/sprites_16bf/world_24x24/oryx_16bit_fantasy_world_1183.png,world_24x24,2,11,15,0.6518
src/Presentation/assets/sprites_16bf/world_24x24/oryx_16bit_fantasy_world_1184.png,world_24x24,7,21,26,0.6588
src/Presentation/assets/sprites_16bf/world_24x24/oryx_16bit_fantasy_world_1185.png,world_24x24,8,22,28,0.659
src/Presentation/assets/sprites_16bf/world_24x24/oryx_16bit_fantasy_world_1186.png,world_24x24,7,21,26,0.6474
src/Presentation/assets/sprites_16bf/world_24x24/oryx_16bit_fantasy_world_1187.png,world_24x24,7,21,27,0.6647
src/Presentation/assets/sprites_16bf/world_24x24/oryx_16bit_fantasy_world_1188.png,world_24x24,12,31,34,0.5885
src/Presentation/assets/sprites_16bf/world_24x24/oryx_16bit_fantasy_world_1189.png,world_24x24,3,12,14,0.8542
src/Presentation/assets/sprites_16bf/world_24x24/oryx_16bit_fantasy_world_119.png,world_24x24,0,0,9,0.3056
src/Presentation/assets/sprites_16bf/world_24x24/oryx_16bit_fantasy_world_1190.png,world_24x24,2,7,10,0.8333
src/Presentation/assets/sprites_16bf/world_24x24/oryx_16bit_fantasy_world_1191.png,world_24x24,3,14,15,0.9091
src/Presentation/assets/sprites_16bf/world_24x24/oryx_16bit_fantasy_world_1192.png,world_24x24,3,9,12,0.9286
src/Presentation/assets/sprites_16bf/world_24x24/oryx_16bit_fantasy_world_1193.png,world_24x24,3,6,10,0.6837
src/Presentation/assets/sprites_16bf/world_24x24/oryx_16bit_fantasy_world_1194.png,world_24x24,6,15,18,0.5965
src/Presentation/assets/sprites_16bf/world_24x24/oryx_16bit_fantasy_world_1199.png,world_24x24,15,32,38,0.6222
src/Presentation/assets/sprites_16bf/world_24x24/oryx_16bit_fantasy_world_120.png,world_24x24,0,0,4,0.1597
src/Presentation/assets/sprites_16bf/world_24x24/oryx_16bit_fantasy_world_1200.png,world_24x24,19,37,48,0.5368
src/Presentation/assets/sprites_16bf/world_24x24/oryx_16bit_fantasy_world_1201.png,world_24x24,26,46,56,0.5702
src/Presentation/assets/sprites_16bf/world_24x24/oryx_16bit_fantasy_world_1202.png,world_24x24,16,31,42,0.5025
src/Presentation/assets/sprites_16bf/world_24x24/oryx_16bit_fantasy_world_1203.png,world_24x24,27,41,57,0.5728
src/Presentation/assets/sprites_16bf/world_24x24/oryx_16bit_fantasy_world_1204.png,world_24x24,33,46,59,0.5782
src/Presentation/assets/sprites_16bf/world_24x24/oryx_16bit_fantasy_world_1205.png,world_24x24,14,23,34,0.8301
src/Presentation/assets/sprites_16bf/world_24x24/oryx_16bit_fantasy_world_1206.png,world_24x24,13,27,34,0.5734
src/Presentation/assets/sprites_16bf/world_24x24/oryx_16bit_fantasy_world_1207.png,world_24x24,17,25,27,0.3264
src/Presentation/assets/sprites_16bf/world_24x24/oryx_16bit_fantasy_world_1208.png,world_24x24,17,29,42,0.56
src/Presentation/assets/sprites_16bf/world_24x24/oryx_16bit_fantasy_world_1209.png,world_24x24,19,32,42,0.4731
src/Presentation/assets/sprites_16bf/world_24x24/oryx_16bit_fantasy_world_121.png,world_24x24,20,20,34,0.4774
src/Presentation/assets/sprites_16bf/world_24x24/oryx_16bit_fantasy_world_1210.png,world_24x24,4,19,28,0.3875
src/Presentation/assets/sprites_16bf/world_24x24/oryx_16bit_fantasy_world_1211.png,world_24x24,18,34,43,0.5394
src/Presentation/assets/sprites_16bf/world_24x24/oryx_16bit_fantasy_world_1212.png,world_24x24,29,40,52,0.5295
src/Presentation/assets/sprites_16bf/world_24x24/oryx_16bit_fantasy_world_1213.png,world_24x24,18,23,33,0.3775
src/Presentation/assets/sprites_16bf/world_24x24/oryx_16bit_fantasy_world_1214.png,world_24x24,11,25,35,0.4607
src/Presentation/assets/sprites_16bf/world_24x24/oryx_16bit_fantasy_world_1215.png,world_24x24,21,32,44,0.4796
src/Presentation/assets/sprites_16bf/world_24x24/oryx_16bit_fantasy_world_1216.png,world_24x24,16,21,32,0.3977
src/Presentation/assets/sprites_16bf/world_24x24/oryx_16bit_fantasy_world_1217.png,world_24x24,11,22,31,0.4549
src/Presentation/assets/sprites_16bf/world_24x24/oryx_16bit_fantasy_world_1218.png,world_24x24,9,26,34,0.3901
src/Presentation/assets/sprites_16bf/world_24x24/oryx_16bit_fantasy_world_1219.png,world_24x24,40,62,79,0.6062
src/Presentation/assets/sprites_16bf/world_24x24/oryx_16bit_fantasy_world_122.png,world_24x24,1,1,3,0.2986
src/Presentation/assets/sprites_16bf/world_24x24/oryx_16bit_fantasy_world_1220.png,world_24x24,29,41,54,0.4374
src/Presentation/assets/sprites_16bf/world_24x24/oryx_16bit_fantasy_world_1221.png,world_24x24,24,40,51,0.467
src/Presentation/assets/sprites_16bf/world_24x24/oryx_16bit_fantasy_world_1222.png,world_24x24,22,32,44,0.4275
src/Presentation/assets/sprites_16bf/world_24x24/oryx_16bit_fantasy_world_1223.png,world_24x24,17,27,38,0.4329
src/Presentation/assets/sprites_16bf/world_24x24/oryx_16bit_fantasy_world_1224.png,world_24x24,12,20,31,0.5288
src/Presentation/assets/sprites_16bf/world_24x24/oryx_16bit_fantasy_world_1225.png,world_24x24,31,57,71,0.6306
src/Presentation/assets/sprites_16bf/world_24x24/oryx_16bit_fantasy_world_1227.png,world_24x24,2,11,17,0.3167
src/Presentation/assets/sprites_16bf/world_24x24/oryx_16bit_fantasy_world_1228.png,world_24x24,8,19,24,0.2972
src/Presentation/assets/sprites_16bf/world_24x24/oryx_16bit_fantasy_world_1229.png,world_24x24,2,11,15,0.1932
src/Presentation/assets/sprites_16bf/world_24x24/oryx_16bit_fantasy_world_123.png,world_24x24,5,7,31,0.7451
src/Presentation/assets/sprites_16bf/world_24x24/oryx_16bit_fantasy_world_1230.png,world_24x24,10,20,26,0.3203
src/Presentation/assets/sprites_16bf/world_24x24/oryx_16bit_fantasy_world_1231.png,world_24x24,12,23,28,0.3124
src/Presentation/assets/sprites_16bf/world_24x24/oryx_16bit_fantasy_world_1232.png,world_24x24,2,11,15,0.1932
src/Presentation/assets/sprites_16bf/world_24x24/oryx_16bit_fantasy_world_1233.png,world_24x24,8,18,24,0.305
src/Presentation/assets/sprites_16bf/world_24x24/oryx_16bit_fantasy_world_1234.png,world_24x24,11,19,22,0.2008
src/Presentation/assets/sprites_16bf/world_24x24/oryx_16bit_fantasy_world_1235.png,world_24x24,14,25,27,0.2283
src/Presentation/assets/sprites_16bf/world_24x24/oryx_16bit_fantasy_world_1236.png,world_24x24,13,22,25,0.2311
src/Presentation/assets/sprites_16bf/world_24x24/oryx_16bit_fantasy_world_1237.png,world_24x24,4,13,16,0.1828
src/Presentation/assets/sprites_16bf/world_24x24/oryx_16bit_fantasy_world_1238.png,world_24x24,20,20,21,0.0979
src/Presentation/assets/sprites_16bf/world_24x24/oryx_16bit_fantasy_world_1239.png,world_24x24,13,13,14,0.0709
src/Presentation/assets/sprites_16bf/world_24x24/oryx_16bit_fantasy_world_124.png,world_24x24,4,8,24,0.4479
src/Presentation/assets/sprites_16bf/world_24x24/oryx_16bit_fantasy_world_1240.png,world_24x24,2,5,9,0.1157
src/Presentation/assets/sprites_16bf/world_24x24/oryx_16bit_fantasy_world_1241.png,world_24x24,11,12,16,0.1394
src/Presentation/assets/sprites_16bf/world_24x24/oryx_16bit_fantasy_world_1242.png,world_24x24,21,28,31,0.2245
src/Presentation/assets/sprites_16bf/world_24x24/oryx_16bit_fantasy_world_1243.png,world_24x24,10,19,23,0.2495
src/Presentation/assets/sprites_16bf/world_24x24/oryx_16bit_fantasy_world_1244.png,world_24x24,14,23,27,0.2656
src/Presentation/assets/sprites_16bf/world_24x24/oryx_16bit_fantasy_world_125.png,world_24x24,11,11,17,0.5625
src/Presentation/assets/sprites_16bf/world_24x24/oryx_16bit_fantasy_world_1256.png,world_24x24,15,32,38,0.6222
src/Presentation/assets/sprites_16bf/world_24x24/oryx_16bit_fantasy_world_1257.png,world_24x24,19,37,48,0.5368
src/Presentation/assets/sprites_16bf/world_24x24/oryx_16bit_fantasy_world_1258.png,world_24x24,26,46,56,0.5702
src/Presentation/assets/sprites_16bf/world_24x24/oryx_16bit_fantasy_world_1259.png,world_24x24,16,31,42,0.5025
src/Presentation/assets/sprites_16bf/world_24x24/oryx_16bit_fantasy_world_126.png,world_24x24,11,11,17,0.4913
src/Presentation/assets/sprites_16bf/world_24x24/oryx_16bit_fantasy_world_1260.png,world_24x24,27,41,57,0.5728
src/Presentation/assets/sprites_16bf/world_24x24/oryx_16bit_fantasy_world_1261.png,world_24x24,33,46,59,0.5782
src/Presentation/assets/sprites_16bf/world_24x24/oryx_16bit_fantasy_world_1262.png,world_24x24,14,23,34,0.8301
src/Presentation/assets/sprites_16bf/world_24x24/oryx_16bit_fantasy_world_1263.png,world_24x24,13,27,34,0.5734
src/Presentation/assets/sprites_16bf/world_24x24/oryx_16bit_fantasy_world_1264.png,world_24x24,17,25,27,0.3264
src/Presentation/assets/sprites_16bf/world_24x24/oryx_16bit_fantasy_world_1265.png,world_24x24,17,29,42,0.56
src/Presentation/assets/sprites_16bf/world_24x24/oryx_16bit_fantasy_world_1266.png,world_24x24,19,32,42,0.4731
src/Presentation/assets/sprites_16bf/world_24x24/oryx_16bit_fantasy_world_1267.png,world_24x24,4,19,28,0.3875
src/Presentation/assets/sprites_16bf/world_24x24/oryx_16bit_fantasy_world_1268.png,world_24x24,18,34,43,0.5394
src/Presentation/assets/sprites_16bf/world_24x24/oryx_16bit_fantasy_world_1269.png,world_24x24,29,40,52,0.5295
src/Presentation/assets/sprites_16bf/world_24x24/oryx_16bit_fantasy_world_127.png,world_24x24,4,4,11,0.3802
src/Presentation/assets/sprites_16bf/world_24x24/oryx_16bit_fantasy_world_1270.png,world_24x24,18,23,33,0.3775
src/Presentation/assets/sprites_16bf/world_24x24/oryx_16bit_fantasy_world_1271.png,world_24x24,11,25,35,0.4607
src/Presentation/assets/sprites_16bf/world_24x24/oryx_16bit_fantasy_world_1272.png,world_24x24,21,32,44,0.4796
src/Presentation/assets/sprites_16bf/world_24x24/oryx_16bit_fantasy_world_1273.png,world_24x24,16,21,32,0.3977
src/Presentation/assets/sprites_16bf/world_24x24/oryx_16bit_fantasy_world_1274.png,world_24x24,11,22,31,0.4549
src/Presentation/assets/sprites_16bf/world_24x24/oryx_16bit_fantasy_world_1275.png,world_24x24,9,26,34,0.3901
src/Presentation/assets/sprites_16bf/world_24x24/oryx_16bit_fantasy_world_1276.png,world_24x24,40,62,79,0.6062
src/Presentation/assets/sprites_16bf/world_24x24/oryx_16bit_fantasy_world_1277.png,world_24x24,29,41,54,0.4374
src/Presentation/assets/sprites_16bf/world_24x24/oryx_16bit_fantasy_world_1278.png,world_24x24,24,40,51,0.467
src/Presentation/assets/sprites_16bf/world_24x24/oryx_16bit_fantasy_world_1279.png,world_24x24,22,32,44,0.4275
src/Presentation/assets/sprites_16bf/world_24x24/oryx_16bit_fantasy_world_128.png,world_24x24,18,22,29,0.5521
src/Presentation/assets/sprites_16bf/world_24x24/oryx_16bit_fantasy_world_1280.png,world_24x24,17,27,38,0.4329
src/Presentation/assets/sprites_16bf/world_24x24/oryx_16bit_fantasy_world_1281.png,world_24x24,12,20,31,0.5288
src/Presentation/assets/sprites_16bf/world_24x24/oryx_16bit_fantasy_world_1282.png,world_24x24,31,57,71,0.6306
src/Presentation/assets/sprites_16bf/world_24x24/oryx_16bit_fantasy_world_1284.png,world_24x24,0,0,1,0.0
src/Presentation/assets/sprites_16bf/world_24x24/oryx_16bit_fantasy_world_1285.png,world_24x24,10,10,11,0.059
src/Presentation/assets/sprites_16bf/world_24x24/oryx_16bit_fantasy_world_1286.png,world_24x24,11,12,16,0.1358
src/Presentation/assets/sprites_16bf/world_24x24/oryx_16bit_fantasy_world_1287.png,world_24x24,9,13,15,0.117
src/Presentation/assets/sprites_16bf/world_24x24/oryx_16bit_fantasy_world_1288.png,world_24x24,11,16,18,0.1279
src/Presentation/assets/sprites_16bf/world_24x24/oryx_16bit_fantasy_world_1289.png,world_24x24,7,10,13,0.1131
src/Presentation/assets/sprites_16bf/world_24x24/oryx_16bit_fantasy_world_129.png,world_24x24,19,19,23,0.4358
src/Presentation/assets/sprites_16bf/world_24x24/oryx_16bit_fantasy_world_1290.png,world_24x24,12,20,24,0.2251
src/Presentation/assets/sprites_16bf/world_24x24/oryx_16bit_fantasy_world_1291.png,world_24x24,15,25,28,0.2309
src/Presentation/assets/sprites_16bf/world_24x24/oryx_16bit_fantasy_world_1292.png,world_24x24,15,25,29,0.2326
src/Presentation/assets/sprites_16bf/world_24x24/oryx_16bit_fantasy_world_1293.png,world_24x24,21,31,34,0.256
src/Presentation/assets/sprites_16bf/world_24x24/oryx_16bit_fantasy_world_1294.png,world_24x24,5,15,18,0.6555
src/Presentation/assets/sprites_16bf/world_24x24/oryx_16bit_fantasy_world_1295.png,world_24x24,4,13,17,0.7054
src/Presentation/assets/sprites_16bf/world_24x24/oryx_16bit_fantasy_world_1296.png,world_24x24,7,17,20,0.6723
src/Presentation/assets/sprites_16bf/world_24x24/oryx_16bit_fantasy_world_1297.png,world_24x24,2,11,15,0.6518
src/Presentation/assets/sprites_16bf/world_24x24/oryx_16bit_fantasy_world_1298.png,world_24x24,7,21,26,0.6588
src/Presentation/assets/sprites_16bf/world_24x24/oryx_16bit_fantasy_world_1299.png,world_24x24,8,22,28,0.659
src/Presentation/assets/sprites_16bf/world_24x24/oryx_16bit_fantasy_world_130.png,world_24x24,6,6,11,0.3438
src/Presentation/assets/sprites_16bf/world_24x24/oryx_16bit_fantasy_world_1300.png,world_24x24,7,21,26,0.6474
src/Presentation/assets/sprites_16bf/world_24x24/oryx_16bit_fantasy_world_1301.png,world_24x24,7,21,27,0.6647
src/Presentation/assets/sprites_16bf/world_24x24/oryx_16bit_fantasy_world_1302.png,world_24x24,12,31,34,0.5885
src/Presentation/assets/sprites_16bf/world_24x24/oryx_16bit_fantasy_world_1303.png,world_24x24,3,12,14,0.8542
src/Presentation/assets/sprites_16bf/world_24x24/oryx_16bit_fantasy_world_1304.png,world_24x24,2,7,10,0.8333
src/Presentation/assets/sprites_16bf/world_24x24/oryx_16bit_fantasy_world_1305.png,world_24x24,3,14,15,0.9091
src/Presentation/assets/sprites_16bf/world_24x24/oryx_16bit_fantasy_world_1306.png,world_24x24,3,9,12,0.9286
src/Presentation/assets/sprites_16bf/world_24x24/oryx_16bit_fantasy_world_1307.png,world_24x24,3,6,10,0.6837
src/Presentation/assets/sprites_16bf/world_24x24/oryx_16bit_fantasy_world_1308.png,world_24x24,6,15,18,0.5965
src/Presentation/assets/sprites_16bf/world_24x24/oryx_16bit_fantasy_world_131.png,world_24x24,8,8,14,0.5087
src/Presentation/assets/sprites_16bf/world_24x24/oryx_16bit_fantasy_world_1313.png,world_24x24,15,32,38,0.6222
src/Presentation/assets/sprites_16bf/world_24x24/oryx_16bit_fantasy_world_1314.png,world_24x24,19,37,48,0.5368
src/Presentation/assets/sprites_16bf/world_24x24/oryx_16bit_fantasy_world_1315.png,world_24x24,26,46,56,0.5702
src/Presentation/assets/sprites_16bf/world_24x24/oryx_16bit_fantasy_world_1316.png,world_24x24,16,31,42,0.5025
src/Presentation/assets/sprites_16bf/world_24x24/oryx_16bit_fantasy_world_1317.png,world_24x24,27,41,57,0.5728
src/Presentation/assets/sprites_16bf/world_24x24/oryx_16bit_fantasy_world_1318.png,world_24x24,33,46,59,0.5782
src/Presentation/assets/sprites_16bf/world_24x24/oryx_16bit_fantasy_world_1319.png,world_24x24,14,23,34,0.8301
src/Presentation/assets/sprites_16bf/world_24x24/oryx_16bit_fantasy_world_132.png,world_24x24,13,15,21,0.3924
src/Presentation/assets/sprites_16bf/world_24x24/oryx_16bit_fantasy_world_1320.png,world_24x24,13,27,34,0.5734
src/Presentation/assets/sprites_16bf/world_24x24/oryx_16bit_fantasy_world_1321.png,world_24x24,17,25,27,0.3264
src/Presentation/assets/sprites_16bf/world_24x24/oryx_16bit_fantasy_world_1322.png,world_24x24,17,29,42,0.56
src/Presentation/assets/sprites_16bf/world_24x24/oryx_16bit_fantasy_world_1323.png,world_24x24,19,32,42,0.4731
src/Presentation/assets/sprites_16bf/world_24x24/oryx_16bit_fantasy_world_1324.png,world_24x24,4,19,28,0.3875
src/Presentation/assets/sprites_16bf/world_24x24/oryx_16bit_fantasy_world_1325.png,world_24x24,18,34,43,0.5394
src/Presentation/assets/sprites_16bf/world_24x24/oryx_16bit_fantasy_world_1326.png,world_24x24,29,40,52,0.5295
src/Presentation/assets/sprites_16bf/world_24x24/oryx_16bit_fantasy_world_1327.png,world_24x24,18,23,33,0.3775
src/Presentation/assets/sprites_16bf/world_24x24/oryx_16bit_fantasy_world_1328.png,world_24x24,11,25,35,0.4607
src/Presentation/assets/sprites_16bf/world_24x24/oryx_16bit_fantasy_world_1329.png,world_24x24,21,32,44,0.4796
src/Presentation/assets/sprites_16bf/world_24x24/oryx_16bit_fantasy_world_133.png,world_24x24,14,14,20,0.3438
src/Presentation/assets/sprites_16bf/world_24x24/oryx_16bit_fantasy_world_1330.png,world_24x24,16,21,32,0.3977
src/Presentation/assets/sprites_16bf/world_24x24/oryx_16bit_fantasy_world_1331.png,world_24x24,11,22,31,0.4549
src/Presentation/assets/sprites_16bf/world_24x24/oryx_16bit_fantasy_world_1332.png,world_24x24,9,26,34,0.3901
src/Presentation/assets/sprites_16bf/world_24x24/oryx_16bit_fantasy_world_1333.png,world_24x24,40,62,79,0.6062
src/Presentation/assets/sprites_16bf/world_24x24/oryx_16bit_fantasy_world_1334.png,world_24x24,29,41,54,0.4374
src/Presentation/assets/sprites_16bf/world_24x24/oryx_16bit_fantasy_world_1335.png,world_24x24,24,40,51,0.467
src/Presentation/assets/sprites_16bf/world_24x24/oryx_16bit_fantasy_world_1336.png,world_24x24,22,32,44,0.4275
src/Presentation/assets/sprites_16bf/world_24x24/oryx_16bit_fantasy_world_1337.png,world_24x24,17,27,38,0.4329
src/Presentation/assets/sprites_16bf/world_24x24/oryx_16bit_fantasy_world_1338.png,world_24x24,12,20,31,0.5288
src/Presentation/assets/sprites_16bf/world_24x24/oryx_16bit_fantasy_world_1339.png,world_24x24,31,57,71,0.6306
src/Presentation/assets/sprites_16bf/world_24x24/oryx_16bit_fantasy_world_134.png,world_24x24,8,8,14,0.4549
src/Presentation/assets/sprites_16bf/world_24x24/oryx_16bit_fantasy_world_1341.png,world_24x24,2,11,17,0.3167
src/Presentation/assets/sprites_16bf/world_24x24/oryx_16bit_fantasy_world_1342.png,world_24x24,8,19,24,0.2972
src/Presentation/assets/sprites_16bf/world_24x24/oryx_16bit_fantasy_world_1343.png,world_24x24,2,11,15,0.1932
src/Presentation/assets/sprites_16bf/world_24x24/oryx_16bit_fantasy_world_1344.png,world_24x24,10,20,26,0.3203
src/Presentation/assets/sprites_16bf/world_24x24/oryx_16bit_fantasy_world_1345.png,world_24x24,12,23,28,0.3124
src/Presentation/assets/sprites_16bf/world_24x24/oryx_16bit_fantasy_world_1346.png,world_24x24,2,11,15,0.1932
src/Presentation/assets/sprites_16bf/world_24x24/oryx_16bit_fantasy_world_1347.png,world_24x24,8,18,24,0.305
src/Presentation/assets/sprites_16bf/world_24x24/oryx_16bit_fantasy_world_1348.png,world_24x24,11,19,22,0.2008
src/Presentation/assets/sprites_16bf/world_24x24/oryx_16bit_fantasy_world_1349.png,world_24x24,14,25,27,0.2283
src/Presentation/assets/sprites_16bf/world_24x24/oryx_16bit_fantasy_world_135.png,world_24x24,12,13,20,0.4757
src/Presentation/assets/sprites_16bf/world_24x24/oryx_16bit_fantasy_world_1350.png,world_24x24,13,22,25,0.2311
src/Presentation/assets/sprites_16bf/world_24x24/oryx_16bit_fantasy_world_1351.png,world_24x24,4,13,16,0.1828
src/Presentation/assets/sprites_16bf/world_24x24/oryx_16bit_fantasy_world_1352.png,world_24x24,20,20,21,0.0979
src/Presentation/assets/sprites_16bf/world_24x24/oryx_16bit_fantasy_world_1353.png,world_24x24,13,13,14,0.0709
src/Presentation/assets/sprites_16bf/world_24x24/oryx_16bit_fantasy_world_1354.png,world_24x24,2,5,9,0.1157
src/Presentation/assets/sprites_16bf/world_24x24/oryx_16bit_fantasy_world_1355.png,world_24x24,11,12,16,0.1394
src/Presentation/assets/sprites_16bf/world_24x24/oryx_16bit_fantasy_world_1356.png,world_24x24,21,28,31,0.2245
src/Presentation/assets/sprites_16bf/world_24x24/oryx_16bit_fantasy_world_1357.png,world_24x24,10,19,23,0.2495
src/Presentation/assets/sprites_16bf/world_24x24/oryx_16bit_fantasy_world_1358.png,world_24x24,14,23,27,0.2656
src/Presentation/assets/sprites_16bf/world_24x24/oryx_16bit_fantasy_world_136.png,world_24x24,12,12,21,0.276
src/Presentation/assets/sprites_16bf/world_24x24/oryx_16bit_fantasy_world_137.png,world_24x24,13,13,21,0.2934
src/Presentation/assets/sprites_16bf/world_24x24/oryx_16bit_fantasy_world_1370.png,world_24x24,9,18,19,0.2532
src/Presentation/assets/sprites_16bf/world_24x24/oryx_16bit_fantasy_world_1371.png,world_24x24,8,15,17,0.4485
src/Presentation/assets/sprites_16bf/world_24x24/oryx_16bit_fantasy_world_1372.png,world_24x24,8,17,18,0.3933
src/Presentation/assets/sprites_16bf/world_24x24/oryx_16bit_fantasy_world_1373.png,world_24x24,11,16,18,0.4062
src/Presentation/assets/sprites_16bf/world_24x24/oryx_16bit_fantasy_world_1374.png,world_24x24,29,32,42,0.592
src/Presentation/assets/sprites_16bf/world_24x24/oryx_16bit_fantasy_world_1375.png,world_24x24,22,24,30,0.4028
src/Presentation/assets/sprites_16bf/world_24x24/oryx_16bit_fantasy_world_1376.png,world_24x24,26,29,38,0.5938
src/Presentation/assets/sprites_16bf/world_24x24/oryx_16bit_fantasy_world_1377.png,world_24x24,27,30,40,0.592
src/Presentation/assets/sprites_16bf/world_24x24/oryx_16bit_fantasy_world_1378.png,world_24x24,22,24,30,0.4045
src/Presentation/assets/sprites_16bf/world_24x24/oryx_16bit_fantasy_world_1379.png,world_24x24,26,29,38,0.5938
src/Presentation/assets/sprites_16bf/world_24x24/oryx_16bit_fantasy_world_138.png,world_24x24,18,21,28,0.3872
src/Presentation/assets/sprites_16bf/world_24x24/oryx_16bit_fantasy_world_1380.png,world_24x24,0,0,16,0.4375
src/Presentation/assets/sprites_16bf/world_24x24/oryx_16bit_fantasy_world_1381.png,world_24x24,29,34,45,0.5312
src/Presentation/assets/sprites_16bf/world_24x24/oryx_16bit_fantasy_world_1382.png,world_24x24,11,13,24,0.5833
src/Presentation/assets/sprites_16bf/world_24x24/oryx_16bit_fantasy_world_1383.png,world_24x24,22,27,40,0.5451
src/Presentation/assets/sprites_16bf/world_24x24/oryx_16bit_fantasy_world_1384.png,world_24x24,29,34,45,0.5312
src/Presentation/assets/sprites_16bf/world_24x24/oryx_16bit_fantasy_world_1385.png,world_24x24,11,13,24,0.5833
src/Presentation/assets/sprites_16bf/world_24x24/oryx_16bit_fantasy_world_1386.png,world_24x24,22,27,40,0.5451
src/Presentation/assets/sprites_16bf/world_24x24/oryx_16bit_fantasy_world_1387.png,world_24x24,29,34,45,0.5312
src/Presentation/assets/sprites_16bf/world_24x24/oryx_16bit_fantasy_world_1388.png,world_24x24,11,13,24,0.5833
src/Presentation/assets/sprites_16bf/world_24x24/oryx_16bit_fantasy_world_1389.png,world_24x24,22,27,40,0.5451
src/Presentation/assets/sprites_16bf/world_24x24/oryx_16bit_fantasy_world_139.png,world_24x24,14,18,25,0.3681
src/Presentation/assets/sprites_16bf/world_24x24/oryx_16bit_fantasy_world_1390.png,world_24x24,9,9,18,0.651
src/Presentation/assets/sprites_16bf/world_24x24/oryx_16bit_fantasy_world_1391.png,world_24x24,10,10,19,0.6476
src/Presentation/assets/sprites_16bf/world_24x24/oryx_16bit_fantasy_world_1392.png,world_24x24,7,7,16,0.7031
src/Presentation/assets/sprites_16bf/world_24x24/oryx_16bit_fantasy_world_1393.png,world_24x24,11,25,34,0.8429
src/Presentation/assets/sprites_16bf/world_24x24/oryx_16bit_fantasy_world_1394.png,world_24x24,6,7,14,0.7812
src/Presentation/assets/sprites_16bf/world_24x24/oryx_16bit_fantasy_world_1395.png,world_24x24,19,20,31,0.6389
src/Presentation/assets/sprites_16bf/world_24x24/oryx_16bit_fantasy_world_1396.png,world_24x24,16,17,27,0.684
src/Presentation/assets/sprites_16bf/world_24x24/oryx_16bit_fantasy_world_1398.png,world_24x24,0,0,1,0.0
src/Presentation/assets/sprites_16bf/world_24x24/oryx_16bit_fantasy_world_1399.png,world_24x24,10,10,11,0.059
src/Presentation/assets/sprites_16bf/world_24x24/oryx_16bit_fantasy_world_140.png,world_24x24,13,14,22,0.4115
src/Presentation/assets/sprites_16bf/world_24x24/oryx_16bit_fantasy_world_1400.png,world_24x24,11,12,16,0.1358
src/Presentation/assets/sprites_16bf/world_24x24/oryx_16bit_fantasy_world_1401.png,world_24x24,9,13,15,0.117
src/Presentation/assets/sprites_16bf/world_24x24/oryx_16bit_fantasy_world_1402.png,world_24x24,11,16,18,0.1279
src/Presentation/assets/sprites_16bf/world_24x24/oryx_16bit_fantasy_world_1403.png,world_24x24,7,10,13,0.1131
src/Presentation/assets/sprites_16bf/world_24x24/oryx_16bit_fantasy_world_1404.png,world_24x24,12,20,24,0.2251
src/Presentation/assets/sprites_16bf/world_24x24/oryx_16bit_fantasy_world_1405.png,world_24x24,15,25,28,0.2309
src/Presentation/assets/sprites_16bf/world_24x24/oryx_16bit_fantasy_world_1406.png,world_24x24,15,25,29,0.2326
src/Presentation/assets/sprites_16bf/world_24x24/oryx_16bit_fantasy_world_1407.png,world_24x24,21,31,34,0.256
src/Presentation/assets/sprites_16bf/world_24x24/oryx_16bit_fantasy_world_1408.png,world_24x24,5,15,18,0.6555
src/Presentation/assets/sprites_16bf/world_24x24/oryx_16bit_fantasy_world_1409.png,world_24x24,4,13,17,0.7054
src/Presentation/assets/sprites_16bf/world_24x24/oryx_16bit_fantasy_world_141.png,world_24x24,31,53,68,0.6302
src/Presentation/assets/sprites_16bf/world_24x24/oryx_16bit_fantasy_world_1410.png,world_24x24,7,17,20,0.6723
src/Presentation/assets/sprites_16bf/world_24x24/oryx_16bit_fantasy_world_1411.png,world_24x24,3,11,15,0.6396
src/Presentation/assets/sprites_16bf/world_24x24/oryx_16bit_fantasy_world_1412.png,world_24x24,7,21,26,0.6588
src/Presentation/assets/sprites_16bf/world_24x24/oryx_16bit_fantasy_world_1413.png,world_24x24,8,22,28,0.659
src/Presentation/assets/sprites_16bf/world_24x24/oryx_16bit_fantasy_world_1414.png,world_24x24,7,21,26,0.6474
src/Presentation/assets/sprites_16bf/world_24x24/oryx_16bit_fantasy_world_1415.png,world_24x24,7,21,27,0.6647
src/Presentation/assets/sprites_16bf/world_24x24/oryx_16bit_fantasy_world_1416.png,world_24x24,12,31,34,0.5885
src/Presentation/assets/sprites_16bf/world_24x24/oryx_16bit_fantasy_world_1417.png,world_24x24,3,12,14,0.8542
src/Presentation/assets/sprites_16bf/world_24x24/oryx_16bit_fantasy_world_1418.png,world_24x24,2,7,10,0.8333
src/Presentation/assets/sprites_16bf/world_24x24/oryx_16bit_fantasy_world_1419.png,world_24x24,3,14,15,0.9091
src/Presentation/assets/sprites_16bf/world_24x24/oryx_16bit_fantasy_world_142.png,world_24x24,38,53,67,0.6597
src/Presentation/assets/sprites_16bf/world_24x24/oryx_16bit_fantasy_world_1420.png,world_24x24,3,9,12,0.9286
src/Presentation/assets/sprites_16bf/world_24x24/oryx_16bit_fantasy_world_1421.png,world_24x24,3,6,10,0.6837
src/Presentation/assets/sprites_16bf/world_24x24/oryx_16bit_fantasy_world_1422.png,world_24x24,6,15,18,0.5965
src/Presentation/assets/sprites_16bf/world_24x24/oryx_16bit_fantasy_world_1427.png,world_24x24,4,12,14,0.593
src/Presentation/assets/sprites_16bf/world_24x24/oryx_16bit_fantasy_world_1428.png,world_24x24,3,5,8,0.5
src/Presentation/assets/sprites_16bf/world_24x24/oryx_16bit_fantasy_world_1429.png,world_24x24,4,9,11,0.374
src/Presentation/assets/sprites_16bf/world_24x24/oryx_16bit_fantasy_world_1430.png,world_24x24,2,3,6,0.6863
src/Presentation/assets/sprites_16bf/world_24x24/oryx_16bit_fantasy_world_1431.png,world_24x24,23,27,35,0.408
src/Presentation/assets/sprites_16bf/world_24x24/oryx_16bit_fantasy_world_1432.png,world_24x24,23,23,24,0.1458
src/Presentation/assets/sprites_16bf/world_24x24/oryx_16bit_fantasy_world_1433.png,world_24x24,22,23,29,0.3941
src/Presentation/assets/sprites_16bf/world_24x24/oryx_16bit_fantasy_world_1434.png,world_24x24,23,27,35,0.4115
src/Presentation/assets/sprites_16bf/world_24x24/oryx_16bit_fantasy_world_1435.png,world_24x24,23,23,24,0.1458
src/Presentation/assets/sprites_16bf/world_24x24/oryx_16bit_fantasy_world_1436.png,world_24x24,23,24,30,0.3993
src/Presentation/assets/sprites_16bf/world_24x24/oryx_16bit_fantasy_world_1437.png,world_24x24,0,0,16,0.4375
src/Presentation/assets/sprites_16bf/world_24x24/oryx_16bit_fantasy_world_1438.png,world_24x24,8,13,24,0.5903
src/Presentation/assets/sprites_16bf/world_24x24/oryx_16bit_fantasy_world_1439.png,world_24x24,22,34,46,0.5938
src/Presentation/assets/sprites_16bf/world_24x24/oryx_16bit_fantasy_world_144.png,world_24x24,26,56,56,0.0
src/Presentation/assets/sprites_16bf/world_24x24/oryx_16bit_fantasy_world_1440.png,world_24x24,6,13,23,0.4774
src/Presentation/assets/sprites_16bf/world_24x24/oryx_16bit_fantasy_world_1441.png,world_24x24,8,13,24,0.5903
src/Presentation/assets/sprites_16bf/world_24x24/oryx_16bit_fantasy_world_1442.png,world_24x24,22,34,46,0.5938
src/Presentation/assets/sprites_16bf/world_24x24/oryx_16bit_fantasy_world_1443.png,world_24x24,6,13,23,0.4774
src/Presentation/assets/sprites_16bf/world_24x24/oryx_16bit_fantasy_world_1444.png,world_24x24,8,13,24,0.5903
src/Presentation/assets/sprites_16bf/world_24x24/oryx_16bit_fantasy_world_1445.png,world_24x24,22,34,46,0.5938
src/Presentation/assets/sprites_16bf/world_24x24/oryx_16bit_fantasy_world_1446.png,world_24x24,6,13,23,0.4774
src/Presentation/assets/sprites_16bf/world_24x24/oryx_16bit_fantasy_world_1447.png,world_24x24,8,8,17,0.651
src/Presentation/assets/sprites_16bf/world_24x24/oryx_16bit_fantasy_world_1448.png,world_24x24,9,9,18,0.6476
src/Presentation/assets/sprites_16bf/world_24x24/oryx_16bit_fantasy_world_1449.png,world_24x24,8,8,16,0.7066
src/Presentation/assets/sprites_16bf/world_24x24/oryx_16bit_fantasy_world_145.png,world_24x24,26,56,56,0.0
src/Presentation/assets/sprites_16bf/world_24x24/oryx_16bit_fantasy_world_1450.png,world_24x24,13,27,36,0.8429
src/Presentation/assets/sprites_16bf/world_24x24/oryx_16bit_fantasy_world_1451.png,world_24x24,7,7,13,0.7881
src/Presentation/assets/sprites_16bf/world_24x24/oryx_16bit_fantasy_world_1452.png,world_24x24,17,18,28,0.684
src/Presentation/assets/sprites_16bf/world_24x24/oryx_16bit_fantasy_world_1453.png,world_24x24,17,18,29,0.6406
src/Presentation/assets/sprites_16bf/world_24x24/oryx_16bit_fantasy_world_1455.png,world_24x24,2,11,17,0.3167
src/Presentation/assets/sprites_16bf/world_24x24/oryx_16bit_fantasy_world_1456.png,world_24x24,8,19,24,0.2972
src/Presentation/assets/sprites_16bf/world_24x24/oryx_16bit_fantasy_world_1457.png,world_24x24,2,11,15,0.1932
src/Presentation/assets/sprites_16bf/world_24x24/oryx_16bit_fantasy_world_1458.png,world_24x24,10,20,26,0.3203
src/Presentation/assets/sprites_16bf/world_24x24/oryx_16bit_fantasy_world_1459.png,world_24x24,12,23,28,0.3124
src/Presentation/assets/sprites_16bf/world_24x24/oryx_16bit_fantasy_world_146.png,world_24x24,26,56,56,0.0
src/Presentation/assets/sprites_16bf/world_24x24/oryx_16bit_fantasy_world_1460.png,world_24x24,2,11,15,0.1932
src/Presentation/assets/sprites_16bf/world_24x24/oryx_16bit_fantasy_world_1461.png,world_24x24,8,18,24,0.305
src/Presentation/assets/sprites_16bf/world_24x24/oryx_16bit_fantasy_world_1462.png,world_24x24,11,19,22,0.2008
src/Presentation/assets/sprites_16bf/world_24x24/oryx_16bit_fantasy_world_1463.png,world_24x24,14,25,27,0.2283
src/Presentation/assets/sprites_16bf/world_24x24/oryx_16bit_fantasy_world_1464.png,world_24x24,13,22,25,0.2311
src/Presentation/assets/sprites_16bf/world_24x24/oryx_16bit_fantasy_world_1465.png,world_24x24,4,13,16,0.1828
src/Presentation/assets/sprites_16bf/world_24x24/oryx_16bit_fantasy_world_1466.png,world_24x24,20,20,21,0.0979
src/Presentation/assets/sprites_16bf/world_24x24/oryx_16bit_fantasy_world_1467.png,world_24x24,13,13,14,0.0709
src/Presentation/assets/sprites_16bf/world_24x24/oryx_16bit_fantasy_world_1468.png,world_24x24,2,5,9,0.1157
src/Presentation/assets/sprites_16bf/world_24x24/oryx_16bit_fantasy_world_1469.png,world_24x24,11,12,16,0.1394
src/Presentation/assets/sprites_16bf/world_24x24/oryx_16bit_fantasy_world_147.png,world_24x24,26,56,56,0.0
src/Presentation/assets/sprites_16bf/world_24x24/oryx_16bit_fantasy_world_1470.png,world_24x24,21,28,31,0.2245
src/Presentation/assets/sprites_16bf/world_24x24/oryx_16bit_fantasy_world_1471.png,world_24x24,10,19,23,0.2495
src/Presentation/assets/sprites_16bf/world_24x24/oryx_16bit_fantasy_world_1472.png,world_24x24,14,23,27,0.2656
src/Presentation/assets/sprites_16bf/world_24x24/oryx_16bit_fantasy_world_148.png,world_24x24,92,145,145,0.0
src/Presentation/assets/sprites_16bf/world_24x24/oryx_16bit_fantasy_world_1484.png,world_24x24,3,9,10,0.4835
src/Presentation/assets/sprites_16bf/world_24x24/oryx_16bit_fantasy_world_1485.png,world_24x24,2,9,12,0.4902
src/Presentation/assets/sprites_16bf/world_24x24/oryx_16bit_fantasy_world_1486.png,world_24x24,0,2,6,0.6406
src/Presentation/assets/sprites_16bf/world_24x24/oryx_16bit_fantasy_world_1487.png,world_24x24,3,6,9,0.5238
src/Presentation/assets/sprites_16bf/world_24x24/oryx_16bit_fantasy_world_1488.png,world_24x24,25,28,39,0.6007
src/Presentation/assets/sprites_16bf/world_24x24/oryx_16bit_fantasy_world_1489.png,world_24x24,21,21,28,0.3976
src/Presentation/assets/sprites_16bf/world_24x24/oryx_16bit_fantasy_world_149.png,world_24x24,64,117,117,0.0
src/Presentation/assets/sprites_16bf/world_24x24/oryx_16bit_fantasy_world_1490.png,world_24x24,24,31,40,0.6094
src/Presentation/assets/sprites_16bf/world_24x24/oryx_16bit_fantasy_world_1491.png,world_24x24,27,30,41,0.6024
src/Presentation/assets/sprites_16bf/world_24x24/oryx_16bit_fantasy_world_1492.png,world_24x24,23,23,30,0.4062
src/Presentation/assets/sprites_16bf/world_24x24/oryx_16bit_fantasy_world_1493.png,world_24x24,32,37,46,0.6094
src/Presentation/assets/sprites_16bf/world_24x24/oryx_16bit_fantasy_world_1494.png,world_24x24,0,0,16,0.4375
src/Presentation/assets/sprites_16bf/world_24x24/oryx_16bit_fantasy_world_1495.png,world_24x24,29,34,45,0.5312
src/Presentation/assets/sprites_16bf/world_24x24/oryx_16bit_fantasy_world_1496.png,world_24x24,11,13,24,0.5833
src/Presentation/assets/sprites_16bf/world_24x24/oryx_16bit_fantasy_world_1497.png,world_24x24,22,27,40,0.5451
src/Presentation/assets/sprites_16bf/world_24x24/oryx_16bit_fantasy_world_1498.png,world_24x24,50,61,71,0.5677
src/Presentation/assets/sprites_16bf/world_24x24/oryx_16bit_fantasy_world_1499.png,world_24x24,30,39,49,0.6545
src/Presentation/assets/sprites_16bf/world_24x24/oryx_16bit_fantasy_world_150.png,world_24x24,11,19,20,0.3622
src/Presentation/assets/sprites_16bf/world_24x24/oryx_16bit_fantasy_world_1500.png,world_24x24,38,45,58,0.5781
src/Presentation/assets/sprites_16bf/world_24x24/oryx_16bit_fantasy_world_1501.png,world_24x24,50,61,71,0.5677
src/Presentation/assets/sprites_16bf/world_24x24/oryx_16bit_fantasy_world_1502.png,world_24x24,30,39,49,0.6545
src/Presentation/assets/sprites_16bf/world_24x24/oryx_16bit_fantasy_world_1503.png,world_24x24,38,45,58,0.5781
src/Presentation/assets/sprites_16bf/world_24x24/oryx_16bit_fantasy_world_1504.png,world_24x24,9,9,18,0.651
src/Presentation/assets/sprites_16bf/world_24x24/oryx_16bit_fantasy_world_1505.png,world_24x24,10,10,19,0.6476
src/Presentation/assets/sprites_16bf/world_24x24/oryx_16bit_fantasy_world_1506.png,world_24x24,7,7,16,0.7031
src/Presentation/assets/sprites_16bf/world_24x24/oryx_16bit_fantasy_world_1507.png,world_24x24,11,25,34,0.8429
src/Presentation/assets/sprites_16bf/world_24x24/oryx_16bit_fantasy_world_1508.png,world_24x24,6,7,14,0.7812
src/Presentation/assets/sprites_16bf/world_24x24/oryx_16bit_fantasy_world_1509.png,world_24x24,19,20,31,0.6389
src/Presentation/assets/sprites_16bf/world_24x24/oryx_16bit_fantasy_world_151.png,world_24x24,1,2,3,0.3125
src/Presentation/assets/sprites_16bf/world_24x24/oryx_16bit_fantasy_world_1510.png,world_24x24,16,17,27,0.684
src/Presentation/assets/sprites_16bf/world_24x24/oryx_16bit_fantasy_world_1512.png,world_24x24,0,0,1,0.0
src/Presentation/assets/sprites_16bf/world_24x24/oryx_16bit_fantasy_world_1513.png,world_24x24,10,10,11,0.059
src/Presentation/assets/sprites_16bf/world_24x24/oryx_16bit_fantasy_world_1514.png,world_24x24,11,12,16,0.1358
src/Presentation/assets/sprites_16bf/world_24x24/oryx_16bit_fantasy_world_1515.png,world_24x24,9,13,15,0.117
src/Presentation/assets/sprites_16bf/world_24x24/oryx_16bit_fantasy_world_1516.png,world_24x24,11,16,18,0.1279
src/Presentation/assets/sprites_16bf/world_24x24/oryx_16bit_fantasy_world_1517.png,world_24x24,7,10,13,0.1131
src/Presentation/assets/sprites_16bf/world_24x24/oryx_16bit_fantasy_world_1518.png,world_24x24,12,20,24,0.2251
src/Presentation/assets/sprites_16bf/world_24x24/oryx_16bit_fantasy_world_1519.png,world_24x24,15,25,28,0.2309
src/Presentation/assets/sprites_16bf/world_24x24/oryx_16bit_fantasy_world_152.png,world_24x24,2,3,5,0.2273
src/Presentation/assets/sprites_16bf/world_24x24/oryx_16bit_fantasy_world_1520.png,world_24x24,15,25,29,0.2326
src/Presentation/assets/sprites_16bf/world_24x24/oryx_16bit_fantasy_world_1521.png,world_24x24,21,31,34,0.256
src/Presentation/assets/sprites_16bf/world_24x24/oryx_16bit_fantasy_world_1522.png,world_24x24,5,15,18,0.6555
src/Presentation/assets/sprites_16bf/world_24x24/oryx_16bit_fantasy_world_1523.png,world_24x24,5,13,17,0.7168
src/Presentation/assets/sprites_16bf/world_24x24/oryx_16bit_fantasy_world_1524.png,world_24x24,7,17,20,0.6723
src/Presentation/assets/sprites_16bf/world_24x24/oryx_16bit_fantasy_world_1525.png,world_24x24,2,11,15,0.6518
src/Presentation/assets/sprites_16bf/world_24x24/oryx_16bit_fantasy_world_1526.png,world_24x24,7,21,26,0.6588
src/Presentation/assets/sprites_16bf/world_24x24/oryx_16bit_fantasy_world_1527.png,world_24x24,8,22,28,0.659
src/Presentation/assets/sprites_16bf/world_24x24/oryx_16bit_fantasy_world_1528.png,world_24x24,7,21,26,0.6474
src/Presentation/assets/sprites_16bf/world_24x24/oryx_16bit_fantasy_world_1529.png,world_24x24,7,21,27,0.6647
src/Presentation/assets/sprites_16bf/world_24x24/oryx_16bit_fantasy_world_153.png,world_24x24,5,7,9,0.2889
src/Presentation/assets/sprites_16bf/world_24x24/oryx_16bit_fantasy_world_1530.png,world_24x24,12,31,34,0.5885
src/Presentation/assets/sprites_16bf/world_24x24/oryx_16bit_fantasy_world_1531.png,world_24x24,3,12,14,0.8542
src/Presentation/assets/sprites_16bf/world_24x24/oryx_16bit_fantasy_world_1532.png,world_24x24,2,7,10,0.8333
src/Presentation/assets/sprites_16bf/world_24x24/oryx_16bit_fantasy_world_1533.png,world_24x24,3,14,15,0.9091
src/Presentation/assets/sprites_16bf/world_24x24/oryx_16bit_fantasy_world_1534.png,world_24x24,3,9,12,0.9286
src/Presentation/assets/sprites_16bf/world_24x24/oryx_16bit_fantasy_world_1535.png,world_24x24,3,6,10,0.6837
src/Presentation/assets/sprites_16bf/world_24x24/oryx_16bit_fantasy_world_1536.png,world_24x24,6,15,18,0.5965
src/Presentation/assets/sprites_16bf/world_24x24/oryx_16bit_fantasy_world_154.png,world_24x24,5,16,17,0.3386
src/Presentation/assets/sprites_16bf/world_24x24/oryx_16bit_fantasy_world_1541.png,world_24x24,18,27,28,0.3755
src/Presentation/assets/sprites_16bf/world_24x24/oryx_16bit_fantasy_world_1542.png,world_24x24,14,21,23,0.5515
src/Presentation/assets/sprites_16bf/world_24x24/oryx_16bit_fantasy_world_1543.png,world_24x24,15,24,25,0.5333
src/Presentation/assets/sprites_16bf/world_24x24/oryx_16bit_fantasy_world_1544.png,world_24x24,22,27,29,0.6328
src/Presentation/assets/sprites_16bf/world_24x24/oryx_16bit_fantasy_world_1545.png,world_24x24,43,49,51,0.4566
src/Presentation/assets/sprites_16bf/world_24x24/oryx_16bit_fantasy_world_1546.png,world_24x24,28,29,34,0.467
src/Presentation/assets/sprites_16bf/world_24x24/oryx_16bit_fantasy_world_1547.png,world_24x24,19,42,57,0.5972
src/Presentation/assets/sprites_16bf/world_24x24/oryx_16bit_fantasy_world_1548.png,world_24x24,25,35,44,0.5347
src/Presentation/assets/sprites_16bf/world_24x24/oryx_16bit_fantasy_world_1549.png,world_24x24,42,60,66,0.5122
src/Presentation/assets/sprites_16bf/world_24x24/oryx_16bit_fantasy_world_155.png,world_24x24,5,7,9,0.2889
src/Presentation/assets/sprites_16bf/world_24x24/oryx_16bit_fantasy_world_1550.png,world_24x24,36,55,63,0.6076
src/Presentation/assets/sprites_16bf/world_24x24/oryx_16bit_fantasy_world_1552.png,world_24x24,8,13,24,0.5903
src/Presentation/assets/sprites_16bf/world_24x24/oryx_16bit_fantasy_world_1553.png,world_24x24,22,34,46,0.5938
src/Presentation/assets/sprites_16bf/world_24x24/oryx_16bit_fantasy_world_1554.png,world_24x24,6,13,23,0.4774
src/Presentation/assets/sprites_16bf/world_24x24/oryx_16bit_fantasy_world_1555.png,world_24x24,36,43,58,0.6545
src/Presentation/assets/sprites_16bf/world_24x24/oryx_16bit_fantasy_world_1556.png,world_24x24,31,43,55,0.6215
src/Presentation/assets/sprites_16bf/world_24x24/oryx_16bit_fantasy_world_1557.png,world_24x24,25,34,44,0.526
src/Presentation/assets/sprites_16bf/world_24x24/oryx_16bit_fantasy_world_1558.png,world_24x24,36,43,58,0.6545
src/Presentation/assets/sprites_16bf/world_24x24/oryx_16bit_fantasy_world_1559.png,world_24x24,31,43,55,0.6215
src/Presentation/assets/sprites_16bf/world_24x24/oryx_16bit_fantasy_world_156.png,world_24x24,7,15,21,0.475
src/Presentation/assets/sprites_16bf/world_24x24/oryx_16bit_fantasy_world_1560.png,world_24x24,25,34,44,0.526
src/Presentation/assets/sprites_16bf/world_24x24/oryx_16bit_fantasy_world_1561.png,world_24x24,8,8,17,0.651
src/Presentation/assets/sprites_16bf/world_24x24/oryx_16bit_fantasy_world_1562.png,world_24x24,9,9,18,0.6476
src/Presentation/assets/sprites_16bf/world_24x24/oryx_16bit_fantasy_world_1563.png,world_24x24,8,8,16,0.7066
src/Presentation/assets/sprites_16bf/world_24x24/oryx_16bit_fantasy_world_1564.png,world_24x24,13,27,36,0.8429
src/Presentation/assets/sprites_16bf/world_24x24/oryx_16bit_fantasy_world_1565.png,world_24x24,7,7,13,0.7881
src/Presentation/assets/sprites_16bf/world_24x24/oryx_16bit_fantasy_world_1566.png,world_24x24,17,18,28,0.684
src/Presentation/assets/sprites_16bf/world_24x24/oryx_16bit_fantasy_world_1567.png,world_24x24,17,18,29,0.6406
src/Presentation/assets/sprites_16bf/world_24x24/oryx_16bit_fantasy_world_1569.png,world_24x24,2,11,17,0.3167
src/Presentation/assets/sprites_16bf/world_24x24/oryx_16bit_fantasy_world_157.png,world_24x24,7,14,20,0.4855
src/Presentation/assets/sprites_16bf/world_24x24/oryx_16bit_fantasy_world_1570.png,world_24x24,8,19,24,0.2972
src/Presentation/assets/sprites_16bf/world_24x24/oryx_16bit_fantasy_world_1571.png,world_24x24,2,11,15,0.1932
src/Presentation/assets/sprites_16bf/world_24x24/oryx_16bit_fantasy_world_1572.png,world_24x24,10,20,26,0.3203
src/Presentation/assets/sprites_16bf/world_24x24/oryx_16bit_fantasy_world_1573.png,world_24x24,12,23,28,0.3124
src/Presentation/assets/sprites_16bf/world_24x24/oryx_16bit_fantasy_world_1574.png,world_24x24,2,11,15,0.1932
src/Presentation/assets/sprites_16bf/world_24x24/oryx_16bit_fantasy_world_1575.png,world_24x24,8,18,24,0.305
src/Presentation/assets/sprites_16bf/world_24x24/oryx_16bit_fantasy_world_1576.png,world_24x24,11,19,22,0.2008
src/Presentation/assets/sprites_16bf/world_24x24/oryx_16bit_fantasy_world_1577.png,world_24x24,14,25,27,0.2283
src/Presentation/assets/sprites_16bf/world_24x24/oryx_16bit_fantasy_world_1578.png,world_24x24,13,22,25,0.2311
src/Presentation/assets/sprites_16bf/world_24x24/oryx_16bit_fantasy_world_1579.png,world_24x24,4,13,16,0.1828
src/Presentation/assets/sprites_16bf/world_24x24/oryx_16bit_fantasy_world_1580.png,world_24x24,20,20,21,0.0979
src/Presentation/assets/sprites_16bf/world_24x24/oryx_16bit_fantasy_world_1581.png,world_24x24,13,13,14,0.0709
src/Presentation/assets/sprites_16bf/world_24x24/oryx_16bit_fantasy_world_1582.png,world_24x24,2,5,9,0.1157
src/Presentation/assets/sprites_16bf/world_24x24/oryx_16bit_fantasy_world_1583.png,world_24x24,11,12,16,0.1394
src/Presentation/assets/sprites_16bf/world_24x24/oryx_16bit_fantasy_world_1584.png,world_24x24,21,28,31,0.2245
src/Presentation/assets/sprites_16bf/world_24x24/oryx_16bit_fantasy_world_1585.png,world_24x24,10,19,23,0.2495
src/Presentation/assets/sprites_16bf/world_24x24/oryx_16bit_fantasy_world_1586.png,world_24x24,14,23,27,0.2656
src/Presentation/assets/sprites_16bf/world_24x24/oryx_16bit_fantasy_world_159.png,world_24x24,0,15,24,0.8485
src/Presentation/assets/sprites_16bf/world_24x24/oryx_16bit_fantasy_world_1598.png,world_24x24,4,12,14,0.593
src/Presentation/assets/sprites_16bf/world_24x24/oryx_16bit_fantasy_world_1599.png,world_24x24,3,5,8,0.5
src/Presentation/assets/sprites_16bf/world_24x24/oryx_16bit_fantasy_world_160.png,world_24x24,0,10,16,0.8485
src/Presentation/assets/sprites_16bf/world_24x24/oryx_16bit_fantasy_world_1600.png,world_24x24,11,16,18,0.5366
src/Presentation/assets/sprites_16bf/world_24x24/oryx_16bit_fantasy_world_1601.png,world_24x24,3,4,7,0.7647
src/Presentation/assets/sprites_16bf/world_24x24/oryx_16bit_fantasy_world_1602.png,world_24x24,27,27,28,0.0
src/Presentation/assets/sprites_16bf/world_24x24/oryx_16bit_fantasy_world_1603.png,world_24x24,13,14,15,0.0
src/Presentation/assets/sprites_16bf/world_24x24/oryx_16bit_fantasy_world_1604.png,world_24x24,26,26,27,0.0
src/Presentation/assets/sprites_16bf/world_24x24/oryx_16bit_fantasy_world_1605.png,world_24x24,27,27,28,0.0
src/Presentation/assets/sprites_16bf/world_24x24/oryx_16bit_fantasy_world_1606.png,world_24x24,13,14,15,0.0
src/Presentation/assets/sprites_16bf/world_24x24/oryx_16bit_fantasy_world_1607.png,world_24x24,26,26,27,0.0
src/Presentation/assets/sprites_16bf/world_24x24/oryx_16bit_fantasy_world_1608.png,world_24x24,27,27,28,0.0
src/Presentation/assets/sprites_16bf/world_24x24/oryx_16bit_fantasy_world_1609.png,world_24x24,13,14,15,0.0
src/Presentation/assets/sprites_16bf/world_24x24/oryx_16bit_fantasy_world_161.png,world_24x24,0,5,8,0.8485
src/Presentation/assets/sprites_16bf/world_24x24/oryx_16bit_fantasy_world_1610.png,world_24x24,26,26,27,0.0
src/Presentation/assets/sprites_16bf/world_24x24/oryx_16bit_fantasy_world_1611.png,world_24x24,27,27,28,0.0
src/Presentation/assets/sprites_16bf/world_24x24/oryx_16bit_fantasy_world_1612.png,world_24x24,13,14,15,0.0
src/Presentation/assets/sprites_16bf/world_24x24/oryx_16bit_fantasy_world_1613.png,world_24x24,26,26,27,0.0
src/Presentation/assets/sprites_16bf/world_24x24/oryx_16bit_fantasy_world_1614.png,world_24x24,12,21,37,0.6849
src/Presentation/assets/sprites_16bf/world_24x24/oryx_16bit_fantasy_world_1615.png,world_24x24,2,3,17,0.6527
src/Presentation/assets/sprites_16bf/world_24x24/oryx_16bit_fantasy_world_1616.png,world_24x24,10,13,27,0.6496
src/Presentation/assets/sprites_16bf/world_24x24/oryx_16bit_fantasy_world_1617.png,world_24x24,17,40,63,0.8647
src/Presentation/assets/sprites_16bf/world_24x24/oryx_16bit_fantasy_world_1618.png,world_24x24,16,18,29,0.6885
src/Presentation/assets/sprites_16bf/world_24x24/oryx_16bit_fantasy_world_1619.png,world_24x24,10,22,34,0.7094
src/Presentation/assets/sprites_16bf/world_24x24/oryx_16bit_fantasy_world_162.png,world_24x24,12,23,43,0.8568
src/Presentation/assets/sprites_16bf/world_24x24/oryx_16bit_fantasy_world_1620.png,world_24x24,29,29,31,0.2379
src/Presentation/assets/sprites_16bf/world_24x24/oryx_16bit_fantasy_world_1621.png,world_24x24,26,26,28,0.1393
src/Presentation/assets/sprites_16bf/world_24x24/oryx_16bit_fantasy_world_1622.png,world_24x24,29,29,31,0.2379
src/Presentation/assets/sprites_16bf/world_24x24/oryx_16bit_fantasy_world_1623.png,world_24x24,27,27,29,0.1951
src/Presentation/assets/sprites_16bf/world_24x24/oryx_16bit_fantasy_world_1624.png,world_24x24,27,27,29,0.1951
src/Presentation/assets/sprites_16bf/world_24x24/oryx_16bit_fantasy_world_1626.png,world_24x24,0,0,1,0.0
src/Presentation/assets/sprites_16bf/world_24x24/oryx_16bit_fantasy_world_1627.png,world_24x24,10,10,11,0.059
src/Presentation/assets/sprites_16bf/world_24x24/oryx_16bit_fantasy_world_1628.png,world_24x24,11,12,16,0.1358
src/Presentation/assets/sprites_16bf/world_24x24/oryx_16bit_fantasy_world_1629.png,world_24x24,9,13,15,0.117
src/Presentation/assets/sprites_16bf/world_24x24/oryx_16bit_fantasy_world_163.png,world_24x24,20,32,41,0.6057
src/Presentation/assets/sprites_16bf/world_24x24/oryx_16bit_fantasy_world_1630.png,world_24x24,11,16,18,0.1279
src/Presentation/assets/sprites_16bf/world_24x24/oryx_16bit_fantasy_world_1631.png,world_24x24,7,10,13,0.1131
src/Presentation/assets/sprites_16bf/world_24x24/oryx_16bit_fantasy_world_1632.png,world_24x24,12,20,24,0.2251
src/Presentation/assets/sprites_16bf/world_24x24/oryx_16bit_fantasy_world_1633.png,world_24x24,15,25,28,0.2309
src/Presentation/assets/sprites_16bf/world_24x24/oryx_16bit_fantasy_world_1634.png,world_24x24,15,25,29,0.2326
src/Presentation/assets/sprites_16bf/world_24x24/oryx_16bit_fantasy_world_1635.png,world_24x24,21,31,34,0.256
src/Presentation/assets/sprites_16bf/world_24x24/oryx_16bit_fantasy_world_1636.png,world_24x24,5,15,18,0.6555
src/Presentation/assets/sprites_16bf/world_24x24/oryx_16bit_fantasy_world_1637.png,world_24x24,4,13,17,0.7054
src/Presentation/assets/sprites_16bf/world_24x24/oryx_16bit_fantasy_world_1638.png,world_24x24,7,17,20,0.661
src/Presentation/assets/sprites_16bf/world_24x24/oryx_16bit_fantasy_world_1639.png,world_24x24,2,11,15,0.6518
src/Presentation/assets/sprites_16bf/world_24x24/oryx_16bit_fantasy_world_164.png,world_24x24,20,32,41,0.6057
src/Presentation/assets/sprites_16bf/world_24x24/oryx_16bit_fantasy_world_1640.png,world_24x24,7,21,26,0.6588
src/Presentation/assets/sprites_16bf/world_24x24/oryx_16bit_fantasy_world_1641.png,world_24x24,8,22,28,0.659
src/Presentation/assets/sprites_16bf/world_24x24/oryx_16bit_fantasy_world_1642.png,world_24x24,7,21,26,0.6474
src/Presentation/assets/sprites_16bf/world_24x24/oryx_16bit_fantasy_world_1643.png,world_24x24,7,21,27,0.6647
src/Presentation/assets/sprites_16bf/world_24x24/oryx_16bit_fantasy_world_1644.png,world_24x24,12,31,34,0.5885
src/Presentation/assets/sprites_16bf/world_24x24/oryx_16bit_fantasy_world_1645.png,world_24x24,3,12,14,0.8542
src/Presentation/assets/sprites_16bf/world_24x24/oryx_16bit_fantasy_world_1646.png,world_24x24,2,7,10,0.8333
src/Presentation/assets/sprites_16bf/world_24x24/oryx_16bit_fantasy_world_1647.png,world_24x24,3,14,15,0.9091
src/Presentation/assets/sprites_16bf/world_24x24/oryx_16bit_fantasy_world_1648.png,world_24x24,3,9,12,0.9286
src/Presentation/assets/sprites_16bf/world_24x24/oryx_16bit_fantasy_world_1649.png,world_24x24,3,6,10,0.6837
src/Presentation/assets/sprites_16bf/world_24x24/oryx_16bit_fantasy_world_165.png,world_24x24,24,53,66,0.8415
src/Presentation/assets/sprites_16bf/world_24x24/oryx_16bit_fantasy_world_1650.png,world_24x24,6,15,18,0.5965
src/Presentation/assets/sprites_16bf/world_24x24/oryx_16bit_fantasy_world_1655.png,world_24x24,3,9,10,0.4835
src/Presentation/assets/sprites_16bf/world_24x24/oryx_16bit_fantasy_world_1656.png,world_24x24,8,15,18,0.5882
src/Presentation/assets/sprites_16bf/world_24x24/oryx_16bit_fantasy_world_1657.png,world_24x24,1,3,7,0.6875
src/Presentation/assets/sprites_16bf/world_24x24/oryx_16bit_fantasy_world_1658.png,world_24x24,8,11,14,0.6429
src/Presentation/assets/sprites_16bf/world_24x24/oryx_16bit_fantasy_world_1659.png,world_24x24,15,15,16,0.0
src/Presentation/assets/sprites_16bf/world_24x24/oryx_16bit_fantasy_world_166.png,world_24x24,16,45,57,0.8776
src/Presentation/assets/sprites_16bf/world_24x24/oryx_16bit_fantasy_world_1660.png,world_24x24,42,44,45,0.0
src/Presentation/assets/sprites_16bf/world_24x24/oryx_16bit_fantasy_world_1661.png,world_24x24,15,15,16,0.0
src/Presentation/assets/sprites_16bf/world_24x24/oryx_16bit_fantasy_world_1662.png,world_24x24,15,15,16,0.0
src/Presentation/assets/sprites_16bf/world_24x24/oryx_16bit_fantasy_world_1663.png,world_24x24,42,44,45,0.0
src/Presentation/assets/sprites_16bf/world_24x24/oryx_16bit_fantasy_world_1664.png,world_24x24,15,15,16,0.0
src/Presentation/assets/sprites_16bf/world_24x24/oryx_16bit_fantasy_world_1665.png,world_24x24,15,15,16,0.0
src/Presentation/assets/sprites_16bf/world_24x24/oryx_16bit_fantasy_world_1666.png,world_24x24,42,44,45,0.0
src/Presentation/assets/sprites_16bf/world_24x24/oryx_16bit_fantasy_world_1667.png,world_24x24,15,15,16,0.0
src/Presentation/assets/sprites_16bf/world_24x24/oryx_16bit_fantasy_world_1668.png,world_24x24,15,15,16,0.0
src/Presentation/assets/sprites_16bf/world_24x24/oryx_16bit_fantasy_world_1669.png,world_24x24,42,44,45,0.0
src/Presentation/assets/sprites_16bf/world_24x24/oryx_16bit_fantasy_world_167.png,world_24x24,7,20,25,0.3167
src/Presentation/assets/sprites_16bf/world_24x24/oryx_16bit_fantasy_world_1670.png,world_24x24,15,15,16,0.0
src/Presentation/assets/sprites_16bf/world_24x24/oryx_16bit_fantasy_world_1671.png,world_24x24,9,17,31,0.6006
src/Presentation/assets/sprites_16bf/world_24x24/oryx_16bit_fantasy_world_1672.png,world_24x24,19,24,34,0.6862
src/Presentation/assets/sprites_16bf/world_24x24/oryx_16bit_fantasy_world_1673.png,world_24x24,16,28,49,0.7361
src/Presentation/assets/sprites_16bf/world_24x24/oryx_16bit_fantasy_world_1674.png,world_24x24,5,11,24,0.6429
src/Presentation/assets/sprites_16bf/world_24x24/oryx_16bit_fantasy_world_1675.png,world_24x24,18,32,42,0.8846
src/Presentation/assets/sprites_16bf/world_24x24/oryx_16bit_fantasy_world_1676.png,world_24x24,9,21,36,0.7096
src/Presentation/assets/sprites_16bf/world_24x24/oryx_16bit_fantasy_world_1677.png,world_24x24,24,24,26,0.1286
src/Presentation/assets/sprites_16bf/world_24x24/oryx_16bit_fantasy_world_1678.png,world_24x24,0,0,1,0.0
src/Presentation/assets/sprites_16bf/world_24x24/oryx_16bit_fantasy_world_1679.png,world_24x24,24,24,26,0.1286
src/Presentation/assets/sprites_16bf/world_24x24/oryx_16bit_fantasy_world_168.png,world_24x24,4,16,19,0.411
src/Presentation/assets/sprites_16bf/world_24x24/oryx_16bit_fantasy_world_1680.png,world_24x24,27,27,29,0.1951
src/Presentation/assets/sprites_16bf/world_24x24/oryx_16bit_fantasy_world_1681.png,world_24x24,27,27,29,0.1951
src/Presentation/assets/sprites_16bf/world_24x24/oryx_16bit_fantasy_world_1683.png,world_24x24,8,17,23,0.3557
src/Presentation/assets/sprites_16bf/world_24x24/oryx_16bit_fantasy_world_1684.png,world_24x24,9,20,25,0.308
src/Presentation/assets/sprites_16bf/world_24x24/oryx_16bit_fantasy_world_1685.png,world_24x24,10,19,23,0.2495
src/Presentation/assets/sprites_16bf/world_24x24/oryx_16bit_fantasy_world_1686.png,world_24x24,12,22,28,0.342
src/Presentation/assets/sprites_16bf/world_24x24/oryx_16bit_fantasy_world_1687.png,world_24x24,15,26,31,0.3449
src/Presentation/assets/sprites_16bf/world_24x24/oryx_16bit_fantasy_world_1688.png,world_24x24,11,20,24,0.2596
src/Presentation/assets/sprites_16bf/world_24x24/oryx_16bit_fantasy_world_1689.png,world_24x24,9,19,25,0.3159
src/Presentation/assets/sprites_16bf/world_24x24/oryx_16bit_fantasy_world_169.png,world_24x24,7,20,25,0.3167
src/Presentation/assets/sprites_16bf/world_24x24/oryx_16bit_fantasy_world_1690.png,world_24x24,20,28,31,0.2657
src/Presentation/assets/sprites_16bf/world_24x24/oryx_16bit_fantasy_world_1691.png,world_24x24,14,25,27,0.2283
src/Presentation/assets/sprites_16bf/world_24x24/oryx_16bit_fantasy_world_1692.png,world_24x24,18,27,30,0.2584
src/Presentation/assets/sprites_16bf/world_24x24/oryx_16bit_fantasy_world_1693.png,world_24x24,10,19,22,0.2206
src/Presentation/assets/sprites_16bf/world_24x24/oryx_16bit_fantasy_world_1694.png,world_24x24,21,21,22,0.1066
src/Presentation/assets/sprites_16bf/world_24x24/oryx_16bit_fantasy_world_1695.png,world_24x24,15,15,16,0.0891
src/Presentation/assets/sprites_16bf/world_24x24/oryx_16bit_fantasy_world_1696.png,world_24x24,15,18,22,0.1884
src/Presentation/assets/sprites_16bf/world_24x24/oryx_16bit_fantasy_world_1697.png,world_24x24,13,14,18,0.1578
src/Presentation/assets/sprites_16bf/world_24x24/oryx_16bit_fantasy_world_1698.png,world_24x24,21,28,31,0.2245
src/Presentation/assets/sprites_16bf/world_24x24/oryx_16bit_fantasy_world_1699.png,world_24x24,10,19,23,0.2495
src/Presentation/assets/sprites_16bf/world_24x24/oryx_16bit_fantasy_world_170.png,world_24x24,4,16,19,0.411
src/Presentation/assets/sprites_16bf/world_24x24/oryx_16bit_fantasy_world_1700.png,world_24x24,15,24,28,0.2757
src/Presentation/assets/sprites_16bf/world_24x24/oryx_16bit_fantasy_world_1712.png,world_24x24,83,89,92,0.789
src/Presentation/assets/sprites_16bf/world_24x24/oryx_16bit_fantasy_world_1713.png,world_24x24,63,73,76,0.9552
src/Presentation/assets/sprites_16bf/world_24x24/oryx_16bit_fantasy_world_1714.png,world_24x24,53,64,65,0.8543
src/Presentation/assets/sprites_16bf/world_24x24/oryx_16bit_fantasy_world_1715.png,world_24x24,53,62,64,0.8828
src/Presentation/assets/sprites_16bf/world_24x24/oryx_16bit_fantasy_world_1716.png,world_24x24,26,26,27,0.0
src/Presentation/assets/sprites_16bf/world_24x24/oryx_16bit_fantasy_world_1717.png,world_24x24,15,15,16,0.0
src/Presentation/assets/sprites_16bf/world_24x24/oryx_16bit_fantasy_world_1718.png,world_24x24,26,26,27,0.0
src/Presentation/assets/sprites_16bf/world_24x24/oryx_16bit_fantasy_world_1719.png,world_24x24,26,26,27,0.0
src/Presentation/assets/sprites_16bf/world_24x24/oryx_16bit_fantasy_world_1720.png,world_24x24,15,15,16,0.0
src/Presentation/assets/sprites_16bf/world_24x24/oryx_16bit_fantasy_world_1721.png,world_24x24,26,26,27,0.0
src/Presentation/assets/sprites_16bf/world_24x24/oryx_16bit_fantasy_world_1722.png,world_24x24,26,26,27,0.0
src/Presentation/assets/sprites_16bf/world_24x24/oryx_16bit_fantasy_world_1723.png,world_24x24,15,15,16,0.0
src/Presentation/assets/sprites_16bf/world_24x24/oryx_16bit_fantasy_world_1724.png,world_24x24,26,26,27,0.0
src/Presentation/assets/sprites_16bf/world_24x24/oryx_16bit_fantasy_world_1725.png,world_24x24,26,26,27,0.0
src/Presentation/assets/sprites_16bf/world_24x24/oryx_16bit_fantasy_world_1726.png,world_24x24,15,15,16,0.0
src/Presentation/assets/sprites_16bf/world_24x24/oryx_16bit_fantasy_world_1727.png,world_24x24,26,26,27,0.0
src/Presentation/assets/sprites_16bf/world_24x24/oryx_16bit_fantasy_world_1728.png,world_24x24,16,30,40,0.7061
src/Presentation/assets/sprites_16bf/world_24x24/oryx_16bit_fantasy_world_1729.png,world_24x24,7,11,19,0.6576
src/Presentation/assets/sprites_16bf/world_24x24/oryx_16bit_fantasy_world_173.png,world_24x24,5,5,10,0.4774
src/Presentation/assets/sprites_16bf/world_24x24/oryx_16bit_fantasy_world_1730.png,world_24x24,14,28,45,0.7712
src/Presentation/assets/sprites_16bf/world_24x24/oryx_16bit_fantasy_world_1731.png,world_24x24,13,22,36,0.7055
src/Presentation/assets/sprites_16bf/world_24x24/oryx_16bit_fantasy_world_1732.png,world_24x24,8,17,29,0.7257
src/Presentation/assets/sprites_16bf/world_24x24/oryx_16bit_fantasy_world_1733.png,world_24x24,10,18,34,0.6543
src/Presentation/assets/sprites_16bf/world_24x24/oryx_16bit_fantasy_world_1734.png,world_24x24,29,29,31,0.2379
src/Presentation/assets/sprites_16bf/world_24x24/oryx_16bit_fantasy_world_1735.png,world_24x24,26,26,28,0.1393
src/Presentation/assets/sprites_16bf/world_24x24/oryx_16bit_fantasy_world_1736.png,world_24x24,29,29,31,0.2379
src/Presentation/assets/sprites_16bf/world_24x24/oryx_16bit_fantasy_world_1737.png,world_24x24,52,52,54,0.3393
src/Presentation/assets/sprites_16bf/world_24x24/oryx_16bit_fantasy_world_174.png,world_24x24,14,23,35,0.6198
src/Presentation/assets/sprites_16bf/world_24x24/oryx_16bit_fantasy_world_1740.png,world_24x24,52,61,62,0.4358
src/Presentation/assets/sprites_16bf/world_24x24/oryx_16bit_fantasy_world_1741.png,world_24x24,30,33,34,0.2448
src/Presentation/assets/sprites_16bf/world_24x24/oryx_16bit_fantasy_world_1742.png,world_24x24,44,52,56,0.4392
src/Presentation/assets/sprites_16bf/world_24x24/oryx_16bit_fantasy_world_1743.png,world_24x24,43,55,57,0.4255
src/Presentation/assets/sprites_16bf/world_24x24/oryx_16bit_fantasy_world_1744.png,world_24x24,43,56,58,0.4298
src/Presentation/assets/sprites_16bf/world_24x24/oryx_16bit_fantasy_world_1745.png,world_24x24,45,54,57,0.4134
src/Presentation/assets/sprites_16bf/world_24x24/oryx_16bit_fantasy_world_1746.png,world_24x24,39,53,57,0.4926
src/Presentation/assets/sprites_16bf/world_24x24/oryx_16bit_fantasy_world_1747.png,world_24x24,40,56,59,0.4842
src/Presentation/assets/sprites_16bf/world_24x24/oryx_16bit_fantasy_world_1748.png,world_24x24,44,58,62,0.4799
src/Presentation/assets/sprites_16bf/world_24x24/oryx_16bit_fantasy_world_1749.png,world_24x24,44,61,64,0.5102
src/Presentation/assets/sprites_16bf/world_24x24/oryx_16bit_fantasy_world_175.png,world_24x24,26,44,62,0.7153
src/Presentation/assets/sprites_16bf/world_24x24/oryx_16bit_fantasy_world_1750.png,world_24x24,3,11,15,0.641
src/Presentation/assets/sprites_16bf/world_24x24/oryx_16bit_fantasy_world_1751.png,world_24x24,2,11,15,0.6429
src/Presentation/assets/sprites_16bf/world_24x24/oryx_16bit_fantasy_world_1752.png,world_24x24,4,14,17,0.6303
src/Presentation/assets/sprites_16bf/world_24x24/oryx_16bit_fantasy_world_1753.png,world_24x24,2,11,15,0.6518
src/Presentation/assets/sprites_16bf/world_24x24/oryx_16bit_fantasy_world_1754.png,world_24x24,3,17,22,0.6118
src/Presentation/assets/sprites_16bf/world_24x24/oryx_16bit_fantasy_world_1755.png,world_24x24,4,18,24,0.6127
src/Presentation/assets/sprites_16bf/world_24x24/oryx_16bit_fantasy_world_1756.png,world_24x24,3,17,22,0.6012
src/Presentation/assets/sprites_16bf/world_24x24/oryx_16bit_fantasy_world_1757.png,world_24x24,4,18,24,0.6127
src/Presentation/assets/sprites_16bf/world_24x24/oryx_16bit_fantasy_world_1758.png,world_24x24,10,29,32,0.5638
src/Presentation/assets/sprites_16bf/world_24x24/oryx_16bit_fantasy_world_1759.png,world_24x24,3,12,14,0.8542
src/Presentation/assets/sprites_16bf/world_24x24/oryx_16bit_fantasy_world_176.png,world_24x24,2,2,4,0.2865
src/Presentation/assets/sprites_16bf/world_24x24/oryx_16bit_fantasy_world_1760.png,world_24x24,2,7,10,0.8333
src/Presentation/assets/sprites_16bf/world_24x24/oryx_16bit_fantasy_world_1761.png,world_24x24,3,14,15,0.9091
src/Presentation/assets/sprites_16bf/world_24x24/oryx_16bit_fantasy_world_1762.png,world_24x24,3,9,12,0.9286
src/Presentation/assets/sprites_16bf/world_24x24/oryx_16bit_fantasy_world_1763.png,world_24x24,3,6,10,0.6837
src/Presentation/assets/sprites_16bf/world_24x24/oryx_16bit_fantasy_world_1764.png,world_24x24,6,15,18,0.5965
src/Presentation/assets/sprites_16bf/world_24x24/oryx_16bit_fantasy_world_1769.png,world_24x24,28,34,37,0.8372
src/Presentation/assets/sprites_16bf/world_24x24/oryx_16bit_fantasy_world_177.png,world_24x24,4,4,8,0.7066
src/Presentation/assets/sprites_16bf/world_24x24/oryx_16bit_fantasy_world_1770.png,world_24x24,27,31,36,0.8415
src/Presentation/assets/sprites_16bf/world_24x24/oryx_16bit_fantasy_world_1771.png,world_24x24,43,49,53,0.8264
src/Presentation/assets/sprites_16bf/world_24x24/oryx_16bit_fantasy_world_1772.png,world_24x24,16,21,24,0.9216
src/Presentation/assets/sprites_16bf/world_24x24/oryx_16bit_fantasy_world_1773.png,world_24x24,8,14,15,0.1389
src/Presentation/assets/sprites_16bf/world_24x24/oryx_16bit_fantasy_world_1774.png,world_24x24,39,39,40,0.0
src/Presentation/assets/sprites_16bf/world_24x24/oryx_16bit_fantasy_world_1775.png,world_24x24,39,39,40,0.0
src/Presentation/assets/sprites_16bf/world_24x24/oryx_16bit_fantasy_world_1776.png,world_24x24,8,14,15,0.1389
src/Presentation/assets/sprites_16bf/world_24x24/oryx_16bit_fantasy_world_1777.png,world_24x24,39,39,40,0.0
src/Presentation/assets/sprites_16bf/world_24x24/oryx_16bit_fantasy_world_1778.png,world_24x24,39,39,40,0.0
src/Presentation/assets/sprites_16bf/world_24x24/oryx_16bit_fantasy_world_1779.png,world_24x24,8,14,15,0.1389
src/Presentation/assets/sprites_16bf/world_24x24/oryx_16bit_fantasy_world_178.png,world_24x24,10,15,24,0.474
src/Presentation/assets/sprites_16bf/world_24x24/oryx_16bit_fantasy_world_1780.png,world_24x24,39,39,40,0.0
src/Presentation/assets/sprites_16bf/world_24x24/oryx_16bit_fantasy_world_1781.png,world_24x24,39,39,40,0.0
src/Presentation/assets/sprites_16bf/world_24x24/oryx_16bit_fantasy_world_1782.png,world_24x24,8,14,15,0.1389
src/Presentation/assets/sprites_16bf/world_24x24/oryx_16bit_fantasy_world_1783.png,world_24x24,39,39,40,0.0
src/Presentation/assets/sprites_16bf/world_24x24/oryx_16bit_fantasy_world_1784.png,world_24x24,39,39,40,0.0
src/Presentation/assets/sprites_16bf/world_24x24/oryx_16bit_fantasy_world_1785.png,world_24x24,11,27,44,0.7399
src/Presentation/assets/sprites_16bf/world_24x24/oryx_16bit_fantasy_world_1786.png,world_24x24,4,8,16,0.6424
src/Presentation/assets/sprites_16bf/world_24x24/oryx_16bit_fantasy_world_1787.png,world_24x24,20,34,44,0.7333
src/Presentation/assets/sprites_16bf/world_24x24/oryx_16bit_fantasy_world_1788.png,world_24x24,4,9,26,0.7217
src/Presentation/assets/sprites_16bf/world_24x24/oryx_16bit_fantasy_world_179.png,world_24x24,0,0,17,0.7778
src/Presentation/assets/sprites_16bf/world_24x24/oryx_16bit_fantasy_world_1791.png,world_24x24,29,29,31,0.2379
src/Presentation/assets/sprites_16bf/world_24x24/oryx_16bit_fantasy_world_1792.png,world_24x24,26,26,28,0.1393
src/Presentation/assets/sprites_16bf/world_24x24/oryx_16bit_fantasy_world_1793.png,world_24x24,29,29,31,0.2379
src/Presentation/assets/sprites_16bf/world_24x24/oryx_16bit_fantasy_world_1794.png,world_24x24,27,27,29,0.1951
src/Presentation/assets/sprites_16bf/world_24x24/oryx_16bit_fantasy_world_1795.png,world_24x24,27,27,29,0.1951
src/Presentation/assets/sprites_16bf/world_24x24/oryx_16bit_fantasy_world_1797.png,world_24x24,27,36,42,0.5293
src/Presentation/assets/sprites_16bf/world_24x24/oryx_16bit_fantasy_world_1798.png,world_24x24,33,48,53,0.5119
src/Presentation/assets/sprites_16bf/world_24x24/oryx_16bit_fantasy_world_1799.png,world_24x24,45,60,65,0.5433
src/Presentation/assets/sprites_16bf/world_24x24/oryx_16bit_fantasy_world_180.png,world_24x24,4,4,10,0.6157
src/Presentation/assets/sprites_16bf/world_24x24/oryx_16bit_fantasy_world_1800.png,world_24x24,32,46,52,0.5251
src/Presentation/assets/sprites_16bf/world_24x24/oryx_16bit_fantasy_world_1801.png,world_24x24,38,50,55,0.5119
src/Presentation/assets/sprites_16bf/world_24x24/oryx_16bit_fantasy_world_1802.png,world_24x24,38,53,57,0.5252
src/Presentation/assets/sprites_16bf/world_24x24/oryx_16bit_fantasy_world_1803.png,world_24x24,31,44,50,0.5294
src/Presentation/assets/sprites_16bf/world_24x24/oryx_16bit_fantasy_world_1804.png,world_24x24,39,49,52,0.4414
src/Presentation/assets/sprites_16bf/world_24x24/oryx_16bit_fantasy_world_1805.png,world_24x24,43,60,62,0.5285
src/Presentation/assets/sprites_16bf/world_24x24/oryx_16bit_fantasy_world_1806.png,world_24x24,38,49,52,0.4601
src/Presentation/assets/sprites_16bf/world_24x24/oryx_16bit_fantasy_world_1807.png,world_24x24,42,52,55,0.4832
src/Presentation/assets/sprites_16bf/world_24x24/oryx_16bit_fantasy_world_1808.png,world_24x24,45,49,50,0.3147
src/Presentation/assets/sprites_16bf/world_24x24/oryx_16bit_fantasy_world_1809.png,world_24x24,41,45,46,0.3091
src/Presentation/assets/sprites_16bf/world_24x24/oryx_16bit_fantasy_world_181.png,world_24x24,4,4,12,0.3854
src/Presentation/assets/sprites_16bf/world_24x24/oryx_16bit_fantasy_world_1810.png,world_24x24,40,49,53,0.4534
src/Presentation/assets/sprites_16bf/world_24x24/oryx_16bit_fantasy_world_1811.png,world_24x24,42,47,51,0.3963
src/Presentation/assets/sprites_16bf/world_24x24/oryx_16bit_fantasy_world_1812.png,world_24x24,54,62,65,0.4453
src/Presentation/assets/sprites_16bf/world_24x24/oryx_16bit_fantasy_world_1813.png,world_24x24,42,55,60,0.5272
src/Presentation/assets/sprites_16bf/world_24x24/oryx_16bit_fantasy_world_1814.png,world_24x24,42,55,59,0.5111
src/Presentation/assets/sprites_16bf/world_24x24/oryx_16bit_fantasy_world_182.png,world_24x24,13,14,20,0.5747
src/Presentation/assets/sprites_16bf/world_24x24/oryx_16bit_fantasy_world_1826.png,world_24x24,35,41,44,0.8889
src/Presentation/assets/sprites_16bf/world_24x24/oryx_16bit_fantasy_world_1827.png,world_24x24,41,52,55,0.9412
src/Presentation/assets/sprites_16bf/world_24x24/oryx_16bit_fantasy_world_1828.png,world_24x24,21,31,33,0.8923
src/Presentation/assets/sprites_16bf/world_24x24/oryx_16bit_fantasy_world_1829.png,world_24x24,30,35,38,0.9294
src/Presentation/assets/sprites_16bf/world_24x24/oryx_16bit_fantasy_world_183.png,world_24x24,9,12,18,0.5087
src/Presentation/assets/sprites_16bf/world_24x24/oryx_16bit_fantasy_world_1830.png,world_24x24,4,12,13,0.1372
src/Presentation/assets/sprites_16bf/world_24x24/oryx_16bit_fantasy_world_1831.png,world_24x24,39,39,40,0.0
src/Presentation/assets/sprites_16bf/world_24x24/oryx_16bit_fantasy_world_1832.png,world_24x24,39,39,40,0.0
src/Presentation/assets/sprites_16bf/world_24x24/oryx_16bit_fantasy_world_1833.png,world_24x24,4,12,13,0.1372
src/Presentation/assets/sprites_16bf/world_24x24/oryx_16bit_fantasy_world_1834.png,world_24x24,39,39,40,0.0
src/Presentation/assets/sprites_16bf/world_24x24/oryx_16bit_fantasy_world_1835.png,world_24x24,39,39,40,0.0
src/Presentation/assets/sprites_16bf/world_24x24/oryx_16bit_fantasy_world_1836.png,world_24x24,4,12,13,0.1372
src/Presentation/assets/sprites_16bf/world_24x24/oryx_16bit_fantasy_world_1837.png,world_24x24,39,39,40,0.0
src/Presentation/assets/sprites_16bf/world_24x24/oryx_16bit_fantasy_world_1838.png,world_24x24,39,39,40,0.0
src/Presentation/assets/sprites_16bf/world_24x24/oryx_16bit_fantasy_world_1839.png,world_24x24,4,12,13,0.1372
src/Presentation/assets/sprites_16bf/world_24x24/oryx_16bit_fantasy_world_184.png,world_24x24,8,10,16,0.4115
src/Presentation/assets/sprites_16bf/world_24x24/oryx_16bit_fantasy_world_1840.png,world_24x24,39,39,40,0.0
src/Presentation/assets/sprites_16bf/world_24x24/oryx_16bit_fantasy_world_1841.png,world_24x24,39,39,40,0.0
src/Presentation/assets/sprites_16bf/world_24x24/oryx_16bit_fantasy_world_1842.png,world_24x24,12,21,37,0.6849
src/Presentation/assets/sprites_16bf/world_24x24/oryx_16bit_fantasy_world_1843.png,world_24x24,2,3,17,0.6527
src/Presentation/assets/sprites_16bf/world_24x24/oryx_16bit_fantasy_world_1844.png,world_24x24,10,13,27,0.6496
src/Presentation/assets/sprites_16bf/world_24x24/oryx_16bit_fantasy_world_1845.png,world_24x24,17,40,63,0.8647
src/Presentation/assets/sprites_16bf/world_24x24/oryx_16bit_fantasy_world_1846.png,world_24x24,16,18,29,0.6885
src/Presentation/assets/sprites_16bf/world_24x24/oryx_16bit_fantasy_world_1847.png,world_24x24,10,22,34,0.7094
src/Presentation/assets/sprites_16bf/world_24x24/oryx_16bit_fantasy_world_1848.png,world_24x24,24,24,26,0.1286
src/Presentation/assets/sprites_16bf/world_24x24/oryx_16bit_fantasy_world_1849.png,world_24x24,0,0,1,0.0
src/Presentation/assets/sprites_16bf/world_24x24/oryx_16bit_fantasy_world_185.png,world_24x24,26,29,34,0.5434
src/Presentation/assets/sprites_16bf/world_24x24/oryx_16bit_fantasy_world_1850.png,world_24x24,24,24,26,0.1286
src/Presentation/assets/sprites_16bf/world_24x24/oryx_16bit_fantasy_world_1851.png,world_24x24,27,27,29,0.1951
src/Presentation/assets/sprites_16bf/world_24x24/oryx_16bit_fantasy_world_1852.png,world_24x24,27,27,29,0.1951
src/Presentation/assets/sprites_16bf/world_24x24/oryx_16bit_fantasy_world_1854.png,world_24x24,0,0,1,0.0
src/Presentation/assets/sprites_16bf/world_24x24/oryx_16bit_fantasy_world_1855.png,world_24x24,13,13,14,0.0712
src/Presentation/assets/sprites_16bf/world_24x24/oryx_16bit_fantasy_world_1856.png,world_24x24,9,10,14,0.1252
src/Presentation/assets/sprites_16bf/world_24x24/oryx_16bit_fantasy_world_1857.png,world_24x24,15,19,21,0.1489
src/Presentation/assets/sprites_16bf/world_24x24/oryx_16bit_fantasy_world_1858.png,world_24x24,10,15,17,0.1261
src/Presentation/assets/sprites_16bf/world_24x24/oryx_16bit_fantasy_world_1859.png,world_24x24,17,20,23,0.1484
src/Presentation/assets/sprites_16bf/world_24x24/oryx_16bit_fantasy_world_186.png,world_24x24,24,28,34,0.4705
src/Presentation/assets/sprites_16bf/world_24x24/oryx_16bit_fantasy_world_1860.png,world_24x24,12,20,24,0.2251
src/Presentation/assets/sprites_16bf/world_24x24/oryx_16bit_fantasy_world_1861.png,world_24x24,15,25,28,0.2309
src/Presentation/assets/sprites_16bf/world_24x24/oryx_16bit_fantasy_world_1862.png,world_24x24,15,25,29,0.2326
src/Presentation/assets/sprites_16bf/world_24x24/oryx_16bit_fantasy_world_1863.png,world_24x24,20,30,33,0.2486
src/Presentation/assets/sprites_16bf/world_24x24/oryx_16bit_fantasy_world_1864.png,world_24x24,5,15,18,0.6555
src/Presentation/assets/sprites_16bf/world_24x24/oryx_16bit_fantasy_world_1865.png,world_24x24,4,13,17,0.6964
src/Presentation/assets/sprites_16bf/world_24x24/oryx_16bit_fantasy_world_1866.png,world_24x24,7,17,20,0.6723
src/Presentation/assets/sprites_16bf/world_24x24/oryx_16bit_fantasy_world_1867.png,world_24x24,2,11,15,0.6518
src/Presentation/assets/sprites_16bf/world_24x24/oryx_16bit_fantasy_world_1868.png,world_24x24,7,21,26,0.6588
src/Presentation/assets/sprites_16bf/world_24x24/oryx_16bit_fantasy_world_1869.png,world_24x24,8,22,28,0.659
src/Presentation/assets/sprites_16bf/world_24x24/oryx_16bit_fantasy_world_187.png,world_24x24,10,13,18,0.3802
src/Presentation/assets/sprites_16bf/world_24x24/oryx_16bit_fantasy_world_1870.png,world_24x24,7,21,26,0.6474
src/Presentation/assets/sprites_16bf/world_24x24/oryx_16bit_fantasy_world_1871.png,world_24x24,7,21,27,0.6647
src/Presentation/assets/sprites_16bf/world_24x24/oryx_16bit_fantasy_world_1872.png,world_24x24,12,31,34,0.5885
src/Presentation/assets/sprites_16bf/world_24x24/oryx_16bit_fantasy_world_1873.png,world_24x24,3,12,14,0.8542
src/Presentation/assets/sprites_16bf/world_24x24/oryx_16bit_fantasy_world_1874.png,world_24x24,2,7,10,0.8333
src/Presentation/assets/sprites_16bf/world_24x24/oryx_16bit_fantasy_world_1875.png,world_24x24,3,14,15,0.9091
src/Presentation/assets/sprites_16bf/world_24x24/oryx_16bit_fantasy_world_1876.png,world_24x24,3,9,12,0.9286
src/Presentation/assets/sprites_16bf/world_24x24/oryx_16bit_fantasy_world_1877.png,world_24x24,3,6,10,0.6837
src/Presentation/assets/sprites_16bf/world_24x24/oryx_16bit_fantasy_world_1878.png,world_24x24,6,15,18,0.5965
src/Presentation/assets/sprites_16bf/world_24x24/oryx_16bit_fantasy_world_188.png,world_24x24,18,25,34,0.5851
src/Presentation/assets/sprites_16bf/world_24x24/oryx_16bit_fantasy_world_1883.png,world_24x24,6,15,16,0.2321
src/Presentation/assets/sprites_16bf/world_24x24/oryx_16bit_fantasy_world_1884.png,world_24x24,4,11,13,0.3897
src/Presentation/assets/sprites_16bf/world_24x24/oryx_16bit_fantasy_world_1885.png,world_24x24,4,13,14,0.34
src/Presentation/assets/sprites_16bf/world_24x24/oryx_16bit_fantasy_world_1886.png,world_24x24,7,12,14,0.3516
src/Presentation/assets/sprites_16bf/world_24x24/oryx_16bit_fantasy_world_1887.png,world_24x24,30,30,32,0.0
src/Presentation/assets/sprites_16bf/world_24x24/oryx_16bit_fantasy_world_1888.png,world_24x24,30,30,32,0.0
src/Presentation/assets/sprites_16bf/world_24x24/oryx_16bit_fantasy_world_1889.png,world_24x24,13,13,19,0.5805
src/Presentation/assets/sprites_16bf/world_24x24/oryx_16bit_fantasy_world_189.png,world_24x24,13,18,24,0.3872
src/Presentation/assets/sprites_16bf/world_24x24/oryx_16bit_fantasy_world_1890.png,world_24x24,30,30,32,0.0
src/Presentation/assets/sprites_16bf/world_24x24/oryx_16bit_fantasy_world_1891.png,world_24x24,30,30,32,0.0
src/Presentation/assets/sprites_16bf/world_24x24/oryx_16bit_fantasy_world_1892.png,world_24x24,13,13,19,0.5805
src/Presentation/assets/sprites_16bf/world_24x24/oryx_16bit_fantasy_world_1893.png,world_24x24,30,30,32,0.0
src/Presentation/assets/sprites_16bf/world_24x24/oryx_16bit_fantasy_world_1894.png,world_24x24,30,30,32,0.0
src/Presentation/assets/sprites_16bf/world_24x24/oryx_16bit_fantasy_world_1895.png,world_24x24,13,13,19,0.5805
src/Presentation/assets/sprites_16bf/world_24x24/oryx_16bit_fantasy_world_1896.png,world_24x24,30,30,32,0.0
src/Presentation/assets/sprites_16bf/world_24x24/oryx_16bit_fantasy_world_1897.png,world_24x24,30,30,32,0.0
src/Presentation/assets/sprites_16bf/world_24x24/oryx_16bit_fantasy_world_1898.png,world_24x24,13,13,19,0.5805
src/Presentation/assets/sprites_16bf/world_24x24/oryx_16bit_fantasy_world_1899.png,world_24x24,9,17,31,0.6006
src/Presentation/assets/sprites_16bf/world_24x24/oryx_16bit_fantasy_world_190.png,world_24x24,18,23,30,0.3993
src/Presentation/assets/sprites_16bf/world_24x24/oryx_16bit_fantasy_world_1900.png,world_24x24,19,24,34,0.6862
src/Presentation/assets/sprites_16bf/world_24x24/oryx_16bit_fantasy_world_1901.png,world_24x24,16,28,49,0.7361
src/Presentation/assets/sprites_16bf/world_24x24/oryx_16bit_fantasy_world_1902.png,world_24x24,5,11,24,0.6429
src/Presentation/assets/sprites_16bf/world_24x24/oryx_16bit_fantasy_world_1903.png,world_24x24,18,32,42,0.8846
src/Presentation/assets/sprites_16bf/world_24x24/oryx_16bit_fantasy_world_1904.png,world_24x24,9,21,36,0.7096
src/Presentation/assets/sprites_16bf/world_24x24/oryx_16bit_fantasy_world_1905.png,world_24x24,29,29,31,0.2379
src/Presentation/assets/sprites_16bf/world_24x24/oryx_16bit_fantasy_world_1906.png,world_24x24,26,26,28,0.1393
src/Presentation/assets/sprites_16bf/world_24x24/oryx_16bit_fantasy_world_1907.png,world_24x24,29,29,31,0.2379
src/Presentation/assets/sprites_16bf/world_24x24/oryx_16bit_fantasy_world_1908.png,world_24x24,52,52,54,0.3393
src/Presentation/assets/sprites_16bf/world_24x24/oryx_16bit_fantasy_world_191.png,world_24x24,10,11,18,0.4653
src/Presentation/assets/sprites_16bf/world_24x24/oryx_16bit_fantasy_world_1911.png,world_24x24,2,11,17,0.3167
src/Presentation/assets/sprites_16bf/world_24x24/oryx_16bit_fantasy_world_1912.png,world_24x24,9,21,26,0.2993
src/Presentation/assets/sprites_16bf/world_24x24/oryx_16bit_fantasy_world_1913.png,world_24x24,2,11,15,0.1932
src/Presentation/assets/sprites_16bf/world_24x24/oryx_16bit_fantasy_world_1914.png,world_24x24,11,21,27,0.3137
src/Presentation/assets/sprites_16bf/world_24x24/oryx_16bit_fantasy_world_1915.png,world_24x24,13,25,30,0.321
src/Presentation/assets/sprites_16bf/world_24x24/oryx_16bit_fantasy_world_1916.png,world_24x24,2,11,15,0.1932
src/Presentation/assets/sprites_16bf/world_24x24/oryx_16bit_fantasy_world_1917.png,world_24x24,8,18,24,0.305
src/Presentation/assets/sprites_16bf/world_24x24/oryx_16bit_fantasy_world_1918.png,world_24x24,11,19,22,0.2008
src/Presentation/assets/sprites_16bf/world_24x24/oryx_16bit_fantasy_world_1919.png,world_24x24,14,25,27,0.2304
src/Presentation/assets/sprites_16bf/world_24x24/oryx_16bit_fantasy_world_192.png,world_24x24,14,16,24,0.5035
src/Presentation/assets/sprites_16bf/world_24x24/oryx_16bit_fantasy_world_1920.png,world_24x24,13,22,25,0.2269
src/Presentation/assets/sprites_16bf/world_24x24/oryx_16bit_fantasy_world_1921.png,world_24x24,8,16,19,0.187
src/Presentation/assets/sprites_16bf/world_24x24/oryx_16bit_fantasy_world_1922.png,world_24x24,20,20,21,0.0979
src/Presentation/assets/sprites_16bf/world_24x24/oryx_16bit_fantasy_world_1923.png,world_24x24,13,13,14,0.0673
src/Presentation/assets/sprites_16bf/world_24x24/oryx_16bit_fantasy_world_1924.png,world_24x24,6,8,12,0.1194
src/Presentation/assets/sprites_16bf/world_24x24/oryx_16bit_fantasy_world_1925.png,world_24x24,11,12,16,0.1394
src/Presentation/assets/sprites_16bf/world_24x24/oryx_16bit_fantasy_world_1926.png,world_24x24,25,30,33,0.2208
src/Presentation/assets/sprites_16bf/world_24x24/oryx_16bit_fantasy_world_1927.png,world_24x24,10,19,23,0.2495
src/Presentation/assets/sprites_16bf/world_24x24/oryx_16bit_fantasy_world_1928.png,world_24x24,14,23,27,0.2656
src/Presentation/assets/sprites_16bf/world_24x24/oryx_16bit_fantasy_world_193.png,world_24x24,21,26,36,0.3646
src/Presentation/assets/sprites_16bf/world_24x24/oryx_16bit_fantasy_world_194.png,world_24x24,18,25,33,0.3403
src/Presentation/assets/sprites_16bf/world_24x24/oryx_16bit_fantasy_world_1940.png,world_24x24,4,9,11,0.5
src/Presentation/assets/sprites_16bf/world_24x24/oryx_16bit_fantasy_world_1941.png,world_24x24,3,5,8,0.5
src/Presentation/assets/sprites_16bf/world_24x24/oryx_16bit_fantasy_world_1942.png,world_24x24,3,8,10,0.3496
src/Presentation/assets/sprites_16bf/world_24x24/oryx_16bit_fantasy_world_1943.png,world_24x24,2,3,6,0.6863
src/Presentation/assets/sprites_16bf/world_24x24/oryx_16bit_fantasy_world_1944.png,world_24x24,30,30,32,0.0
src/Presentation/assets/sprites_16bf/world_24x24/oryx_16bit_fantasy_world_1945.png,world_24x24,30,30,32,0.0
src/Presentation/assets/sprites_16bf/world_24x24/oryx_16bit_fantasy_world_1946.png,world_24x24,17,17,23,0.2647
src/Presentation/assets/sprites_16bf/world_24x24/oryx_16bit_fantasy_world_1947.png,world_24x24,30,30,32,0.0
src/Presentation/assets/sprites_16bf/world_24x24/oryx_16bit_fantasy_world_1948.png,world_24x24,30,30,32,0.0
src/Presentation/assets/sprites_16bf/world_24x24/oryx_16bit_fantasy_world_1949.png,world_24x24,17,17,23,0.2647
src/Presentation/assets/sprites_16bf/world_24x24/oryx_16bit_fantasy_world_195.png,world_24x24,11,15,22,0.3576
src/Presentation/assets/sprites_16bf/world_24x24/oryx_16bit_fantasy_world_1950.png,world_24x24,30,30,32,0.0
src/Presentation/assets/sprites_16bf/world_24x24/oryx_16bit_fantasy_world_1951.png,world_24x24,30,30,32,0.0
src/Presentation/assets/sprites_16bf/world_24x24/oryx_16bit_fantasy_world_1952.png,world_24x24,17,17,23,0.2647
src/Presentation/assets/sprites_16bf/world_24x24/oryx_16bit_fantasy_world_1953.png,world_24x24,30,30,32,0.0
src/Presentation/assets/sprites_16bf/world_24x24/oryx_16bit_fantasy_world_1954.png,world_24x24,30,30,32,0.0
src/Presentation/assets/sprites_16bf/world_24x24/oryx_16bit_fantasy_world_1955.png,world_24x24,17,17,23,0.2647
src/Presentation/assets/sprites_16bf/world_24x24/oryx_16bit_fantasy_world_1956.png,world_24x24,16,30,40,0.7061
src/Presentation/assets/sprites_16bf/world_24x24/oryx_16bit_fantasy_world_1957.png,world_24x24,7,11,19,0.6576
src/Presentation/assets/sprites_16bf/world_24x24/oryx_16bit_fantasy_world_1958.png,world_24x24,14,28,45,0.7712
src/Presentation/assets/sprites_16bf/world_24x24/oryx_16bit_fantasy_world_1959.png,world_24x24,13,22,36,0.7055
src/Presentation/assets/sprites_16bf/world_24x24/oryx_16bit_fantasy_world_196.png,world_24x24,8,13,20,0.3594
src/Presentation/assets/sprites_16bf/world_24x24/oryx_16bit_fantasy_world_1960.png,world_24x24,8,17,29,0.7257
src/Presentation/assets/sprites_16bf/world_24x24/oryx_16bit_fantasy_world_1961.png,world_24x24,10,18,34,0.6543
src/Presentation/assets/sprites_16bf/world_24x24/oryx_16bit_fantasy_world_1962.png,world_24x24,29,29,31,0.2379
src/Presentation/assets/sprites_16bf/world_24x24/oryx_16bit_fantasy_world_1963.png,world_24x24,26,26,28,0.1393
src/Presentation/assets/sprites_16bf/world_24x24/oryx_16bit_fantasy_world_1964.png,world_24x24,29,29,31,0.2379
src/Presentation/assets/sprites_16bf/world_24x24/oryx_16bit_fantasy_world_1965.png,world_24x24,27,27,29,0.1951
src/Presentation/assets/sprites_16bf/world_24x24/oryx_16bit_fantasy_world_1966.png,world_24x24,27,27,29,0.1951
src/Presentation/assets/sprites_16bf/world_24x24/oryx_16bit_fantasy_world_1968.png,world_24x24,17,17,18,0.1163
src/Presentation/assets/sprites_16bf/world_24x24/oryx_16bit_fantasy_world_1969.png,world_24x24,45,45,46,0.276
src/Presentation/assets/sprites_16bf/world_24x24/oryx_16bit_fantasy_world_197.png,world_24x24,11,18,26,0.4271
src/Presentation/assets/sprites_16bf/world_24x24/oryx_16bit_fantasy_world_1970.png,world_24x24,39,40,44,0.291
src/Presentation/assets/sprites_16bf/world_24x24/oryx_16bit_fantasy_world_1971.png,world_24x24,32,36,38,0.2784
src/Presentation/assets/sprites_16bf/world_24x24/oryx_16bit_fantasy_world_1972.png,world_24x24,28,33,35,0.2433
src/Presentation/assets/sprites_16bf/world_24x24/oryx_16bit_fantasy_world_1973.png,world_24x24,26,29,32,0.2314
src/Presentation/assets/sprites_16bf/world_24x24/oryx_16bit_fantasy_world_1974.png,world_24x24,27,35,39,0.3266
src/Presentation/assets/sprites_16bf/world_24x24/oryx_16bit_fantasy_world_1975.png,world_24x24,36,46,49,0.3557
src/Presentation/assets/sprites_16bf/world_24x24/oryx_16bit_fantasy_world_1976.png,world_24x24,39,49,53,0.3755
src/Presentation/assets/sprites_16bf/world_24x24/oryx_16bit_fantasy_world_1977.png,world_24x24,41,51,54,0.3785
src/Presentation/assets/sprites_16bf/world_24x24/oryx_16bit_fantasy_world_1978.png,world_24x24,5,15,18,0.6471
src/Presentation/assets/sprites_16bf/world_24x24/oryx_16bit_fantasy_world_1979.png,world_24x24,5,13,17,0.7168
src/Presentation/assets/sprites_16bf/world_24x24/oryx_16bit_fantasy_world_198.png,world_24x24,36,62,77,0.6493
src/Presentation/assets/sprites_16bf/world_24x24/oryx_16bit_fantasy_world_1980.png,world_24x24,7,17,20,0.6723
src/Presentation/assets/sprites_16bf/world_24x24/oryx_16bit_fantasy_world_1981.png,world_24x24,3,11,15,0.6637
src/Presentation/assets/sprites_16bf/world_24x24/oryx_16bit_fantasy_world_1982.png,world_24x24,7,21,26,0.6588
src/Presentation/assets/sprites_16bf/world_24x24/oryx_16bit_fantasy_world_1983.png,world_24x24,8,22,28,0.659
src/Presentation/assets/sprites_16bf/world_24x24/oryx_16bit_fantasy_world_1984.png,world_24x24,7,21,26,0.6474
src/Presentation/assets/sprites_16bf/world_24x24/oryx_16bit_fantasy_world_1985.png,world_24x24,7,21,27,0.6647
src/Presentation/assets/sprites_16bf/world_24x24/oryx_16bit_fantasy_world_1986.png,world_24x24,12,31,34,0.5885
src/Presentation/assets/sprites_16bf/world_24x24/oryx_16bit_fantasy_world_1987.png,world_24x24,3,12,14,0.8542
src/Presentation/assets/sprites_16bf/world_24x24/oryx_16bit_fantasy_world_1988.png,world_24x24,2,7,10,0.8333
src/Presentation/assets/sprites_16bf/world_24x24/oryx_16bit_fantasy_world_1989.png,world_24x24,3,14,15,0.9091
src/Presentation/assets/sprites_16bf/world_24x24/oryx_16bit_fantasy_world_199.png,world_24x24,43,67,83,0.7031
src/Presentation/assets/sprites_16bf/world_24x24/oryx_16bit_fantasy_world_1990.png,world_24x24,3,9,12,0.9286
src/Presentation/assets/sprites_16bf/world_24x24/oryx_16bit_fantasy_world_1991.png,world_24x24,3,6,10,0.6837
src/Presentation/assets/sprites_16bf/world_24x24/oryx_16bit_fantasy_world_1992.png,world_24x24,6,15,18,0.5965
src/Presentation/assets/sprites_16bf/world_24x24/oryx_16bit_fantasy_world_1997.png,world_24x24,2,8,9,0.4505
src/Presentation/assets/sprites_16bf/world_24x24/oryx_16bit_fantasy_world_1998.png,world_24x24,1,6,9,0.4216
src/Presentation/assets/sprites_16bf/world_24x24/oryx_16bit_fantasy_world_1999.png,world_24x24,0,2,6,0.6406
src/Presentation/assets/sprites_16bf/world_24x24/oryx_16bit_fantasy_world_2000.png,world_24x24,2,5,8,0.4881
src/Presentation/assets/sprites_16bf/world_24x24/oryx_16bit_fantasy_world_2001.png,world_24x24,3,3,4,0.0
src/Presentation/assets/sprites_16bf/world_24x24/oryx_16bit_fantasy_world_2002.png,world_24x24,3,3,4,0.0
src/Presentation/assets/sprites_16bf/world_24x24/oryx_16bit_fantasy_world_2003.png,world_24x24,28,29,31,0.0
src/Presentation/assets/sprites_16bf/world_24x24/oryx_16bit_fantasy_world_2004.png,world_24x24,3,3,4,0.0
src/Presentation/assets/sprites_16bf/world_24x24/oryx_16bit_fantasy_world_2005.png,world_24x24,3,3,4,0.0
src/Presentation/assets/sprites_16bf/world_24x24/oryx_16bit_fantasy_world_2006.png,world_24x24,28,29,31,0.0
src/Presentation/assets/sprites_16bf/world_24x24/oryx_16bit_fantasy_world_2007.png,world_24x24,3,3,4,0.0
src/Presentation/assets/sprites_16bf/world_24x24/oryx_16bit_fantasy_world_2008.png,world_24x24,3,3,4,0.0
src/Presentation/assets/sprites_16bf/world_24x24/oryx_16bit_fantasy_world_2009.png,world_24x24,28,29,31,0.0
src/Presentation/assets/sprites_16bf/world_24x24/oryx_16bit_fantasy_world_201.png,world_24x24,8,30,46,0.7379
src/Presentation/assets/sprites_16bf/world_24x24/oryx_16bit_fantasy_world_2010.png,world_24x24,3,3,4,0.0
src/Presentation/assets/sprites_16bf/world_24x24/oryx_16bit_fantasy_world_2011.png,world_24x24,3,3,4,0.0
src/Presentation/assets/sprites_16bf/world_24x24/oryx_16bit_fantasy_world_2012.png,world_24x24,28,29,31,0.0
src/Presentation/assets/sprites_16bf/world_24x24/oryx_16bit_fantasy_world_2013.png,world_24x24,11,27,44,0.7399
src/Presentation/assets/sprites_16bf/world_24x24/oryx_16bit_fantasy_world_2014.png,world_24x24,4,8,16,0.6424
src/Presentation/assets/sprites_16bf/world_24x24/oryx_16bit_fantasy_world_2015.png,world_24x24,20,34,44,0.7333
src/Presentation/assets/sprites_16bf/world_24x24/oryx_16bit_fantasy_world_2016.png,world_24x24,4,9,26,0.7217
src/Presentation/assets/sprites_16bf/world_24x24/oryx_16bit_fantasy_world_2019.png,world_24x24,24,24,26,0.1286
src/Presentation/assets/sprites_16bf/world_24x24/oryx_16bit_fantasy_world_202.png,world_24x24,6,23,40,0.9786
src/Presentation/assets/sprites_16bf/world_24x24/oryx_16bit_fantasy_world_2020.png,world_24x24,0,0,1,0.0
src/Presentation/assets/sprites_16bf/world_24x24/oryx_16bit_fantasy_world_2021.png,world_24x24,24,24,26,0.1286
src/Presentation/assets/sprites_16bf/world_24x24/oryx_16bit_fantasy_world_2022.png,world_24x24,27,27,29,0.1951
src/Presentation/assets/sprites_16bf/world_24x24/oryx_16bit_fantasy_world_2023.png,world_24x24,27,27,29,0.1951
src/Presentation/assets/sprites_16bf/world_24x24/oryx_16bit_fantasy_world_2025.png,world_24x24,21,30,36,0.462
src/Presentation/assets/sprites_16bf/world_24x24/oryx_16bit_fantasy_world_2026.png,world_24x24,26,37,42,0.4447
src/Presentation/assets/sprites_16bf/world_24x24/oryx_16bit_fantasy_world_2027.png,world_24x24,19,28,32,0.3239
src/Presentation/assets/sprites_16bf/world_24x24/oryx_16bit_fantasy_world_2028.png,world_24x24,25,35,41,0.4466
src/Presentation/assets/sprites_16bf/world_24x24/oryx_16bit_fantasy_world_2029.png,world_24x24,29,40,45,0.4512
src/Presentation/assets/sprites_16bf/world_24x24/oryx_16bit_fantasy_world_203.png,world_24x24,11,36,57,0.8534
src/Presentation/assets/sprites_16bf/world_24x24/oryx_16bit_fantasy_world_2030.png,world_24x24,23,32,36,0.3461
src/Presentation/assets/sprites_16bf/world_24x24/oryx_16bit_fantasy_world_2031.png,world_24x24,33,43,49,0.4946
src/Presentation/assets/sprites_16bf/world_24x24/oryx_16bit_fantasy_world_2032.png,world_24x24,31,39,42,0.3515
src/Presentation/assets/sprites_16bf/world_24x24/oryx_16bit_fantasy_world_2033.png,world_24x24,24,35,37,0.3256
src/Presentation/assets/sprites_16bf/world_24x24/oryx_16bit_fantasy_world_2034.png,world_24x24,34,43,46,0.3845
src/Presentation/assets/sprites_16bf/world_24x24/oryx_16bit_fantasy_world_2035.png,world_24x24,24,33,36,0.3319
src/Presentation/assets/sprites_16bf/world_24x24/oryx_16bit_fantasy_world_2036.png,world_24x24,54,54,55,0.2885
src/Presentation/assets/sprites_16bf/world_24x24/oryx_16bit_fantasy_world_2037.png,world_24x24,46,46,47,0.2655
src/Presentation/assets/sprites_16bf/world_24x24/oryx_16bit_fantasy_world_2038.png,world_24x24,30,33,37,0.3041
src/Presentation/assets/sprites_16bf/world_24x24/oryx_16bit_fantasy_world_2039.png,world_24x24,38,39,43,0.3174
src/Presentation/assets/sprites_16bf/world_24x24/oryx_16bit_fantasy_world_204.png,world_24x24,5,24,39,0.7124
src/Presentation/assets/sprites_16bf/world_24x24/oryx_16bit_fantasy_world_2040.png,world_24x24,36,43,46,0.3321
src/Presentation/assets/sprites_16bf/world_24x24/oryx_16bit_fantasy_world_2041.png,world_24x24,32,41,45,0.4024
src/Presentation/assets/sprites_16bf/world_24x24/oryx_16bit_fantasy_world_2042.png,world_24x24,29,38,42,0.3903
src/Presentation/assets/sprites_16bf/world_24x24/oryx_16bit_fantasy_world_205.png,world_24x24,8,29,48,0.8457
src/Presentation/assets/sprites_16bf/world_24x24/oryx_16bit_fantasy_world_2054.png,world_24x24,12,21,22,0.3333
src/Presentation/assets/sprites_16bf/world_24x24/oryx_16bit_fantasy_world_2055.png,world_24x24,9,16,18,0.5294
src/Presentation/assets/sprites_16bf/world_24x24/oryx_16bit_fantasy_world_2056.png,world_24x24,10,19,20,0.5
src/Presentation/assets/sprites_16bf/world_24x24/oryx_16bit_fantasy_world_2057.png,world_24x24,14,19,21,0.5469
src/Presentation/assets/sprites_16bf/world_24x24/oryx_16bit_fantasy_world_2058.png,world_24x24,3,3,4,0.0
src/Presentation/assets/sprites_16bf/world_24x24/oryx_16bit_fantasy_world_2059.png,world_24x24,3,3,4,0.0
src/Presentation/assets/sprites_16bf/world_24x24/oryx_16bit_fantasy_world_206.png,world_24x24,11,30,47,0.9244
src/Presentation/assets/sprites_16bf/world_24x24/oryx_16bit_fantasy_world_2060.png,world_24x24,28,29,31,0.0
src/Presentation/assets/sprites_16bf/world_24x24/oryx_16bit_fantasy_world_2061.png,world_24x24,3,3,4,0.0
src/Presentation/assets/sprites_16bf/world_24x24/oryx_16bit_fantasy_world_2062.png,world_24x24,3,3,4,0.0
src/Presentation/assets/sprites_16bf/world_24x24/oryx_16bit_fantasy_world_2063.png,world_24x24,28,29,31,0.0
src/Presentation/assets/sprites_16bf/world_24x24/oryx_16bit_fantasy_world_2064.png,world_24x24,3,3,4,0.0
src/Presentation/assets/sprites_16bf/world_24x24/oryx_16bit_fantasy_world_2065.png,world_24x24,3,3,4,0.0
src/Presentation/assets/sprites_16bf/world_24x24/oryx_16bit_fantasy_world_2066.png,world_24x24,28,29,31,0.0
src/Presentation/assets/sprites_16bf/world_24x24/oryx_16bit_fantasy_world_2067.png,world_24x24,3,3,4,0.0
src/Presentation/assets/sprites_16bf/world_24x24/oryx_16bit_fantasy_world_2068.png,world_24x24,3,3,4,0.0
src/Presentation/assets/sprites_16bf/world_24x24/oryx_16bit_fantasy_world_2069.png,world_24x24,28,29,31,0.0
src/Presentation/assets/sprites_16bf/world_24x24/oryx_16bit_fantasy_world_207.png,world_24x24,12,28,45,0.7481
src/Presentation/assets/sprites_16bf/world_24x24/oryx_16bit_fantasy_world_2076.png,world_24x24,29,29,31,0.2379
src/Presentation/assets/sprites_16bf/world_24x24/oryx_16bit_fantasy_world_2077.png,world_24x24,26,26,28,0.1393
src/Presentation/assets/sprites_16bf/world_24x24/oryx_16bit_fantasy_world_2078.png,world_24x24,29,29,31,0.2379
src/Presentation/assets/sprites_16bf/world_24x24/oryx_16bit_fantasy_world_2079.png,world_24x24,52,52,54,0.3393
src/Presentation/assets/sprites_16bf/world_24x24/oryx_16bit_fantasy_world_208.png,world_24x24,7,30,42,0.7323
src/Presentation/assets/sprites_16bf/world_24x24/oryx_16bit_fantasy_world_209.png,world_24x24,7,25,39,0.9358
src/Presentation/assets/sprites_16bf/world_24x24/oryx_16bit_fantasy_world_210.png,world_24x24,7,32,44,0.6989
src/Presentation/assets/sprites_16bf/world_24x24/oryx_16bit_fantasy_world_211.png,world_24x24,7,25,39,0.9358
src/Presentation/assets/sprites_16bf/world_24x24/oryx_16bit_fantasy_world_2111.png,world_24x24,7,12,14,0.6512
src/Presentation/assets/sprites_16bf/world_24x24/oryx_16bit_fantasy_world_2112.png,world_24x24,7,9,12,0.6829
src/Presentation/assets/sprites_16bf/world_24x24/oryx_16bit_fantasy_world_2113.png,world_24x24,8,13,15,0.5122
src/Presentation/assets/sprites_16bf/world_24x24/oryx_16bit_fantasy_world_2114.png,world_24x24,4,5,8,0.8039
src/Presentation/assets/sprites_16bf/world_24x24/oryx_16bit_fantasy_world_2115.png,world_24x24,6,6,8,0.0
src/Presentation/assets/sprites_16bf/world_24x24/oryx_16bit_fantasy_world_2116.png,world_24x24,6,6,8,0.0
src/Presentation/assets/sprites_16bf/world_24x24/oryx_16bit_fantasy_world_2117.png,world_24x24,12,12,16,0.0
src/Presentation/assets/sprites_16bf/world_24x24/oryx_16bit_fantasy_world_2118.png,world_24x24,6,6,8,0.0
src/Presentation/assets/sprites_16bf/world_24x24/oryx_16bit_fantasy_world_2119.png,world_24x24,6,6,8,0.0
src/Presentation/assets/sprites_16bf/world_24x24/oryx_16bit_fantasy_world_212.png,world_24x24,10,41,61,0.8699
src/Presentation/assets/sprites_16bf/world_24x24/oryx_16bit_fantasy_world_2120.png,world_24x24,12,12,16,0.0
src/Presentation/assets/sprites_16bf/world_24x24/oryx_16bit_fantasy_world_2121.png,world_24x24,6,6,8,0.0
src/Presentation/assets/sprites_16bf/world_24x24/oryx_16bit_fantasy_world_2122.png,world_24x24,6,6,8,0.0
src/Presentation/assets/sprites_16bf/world_24x24/oryx_16bit_fantasy_world_2123.png,world_24x24,12,12,16,0.0
src/Presentation/assets/sprites_16bf/world_24x24/oryx_16bit_fantasy_world_2124.png,world_24x24,6,6,8,0.0
src/Presentation/assets/sprites_16bf/world_24x24/oryx_16bit_fantasy_world_2125.png,world_24x24,6,6,8,0.0
src/Presentation/assets/sprites_16bf/world_24x24/oryx_16bit_fantasy_world_2126.png,world_24x24,12,12,16,0.0
src/Presentation/assets/sprites_16bf/world_24x24/oryx_16bit_fantasy_world_213.png,world_24x24,10,45,62,0.8824
src/Presentation/assets/sprites_16bf/world_24x24/oryx_16bit_fantasy_world_2133.png,world_24x24,29,29,31,0.2379
src/Presentation/assets/sprites_16bf/world_24x24/oryx_16bit_fantasy_world_2134.png,world_24x24,26,26,28,0.1393
src/Presentation/assets/sprites_16bf/world_24x24/oryx_16bit_fantasy_world_2135.png,world_24x24,29,29,31,0.2379
src/Presentation/assets/sprites_16bf/world_24x24/oryx_16bit_fantasy_world_2136.png,world_24x24,27,27,29,0.1951
src/Presentation/assets/sprites_16bf/world_24x24/oryx_16bit_fantasy_world_2137.png,world_24x24,27,27,29,0.1951
src/Presentation/assets/sprites_16bf/world_24x24/oryx_16bit_fantasy_world_2139.png,world_24x24,12,12,13,0.0
src/Presentation/assets/sprites_16bf/world_24x24/oryx_16bit_fantasy_world_214.png,world_24x24,36,75,101,0.9944
src/Presentation/assets/sprites_16bf/world_24x24/oryx_16bit_fantasy_world_2140.png,world_24x24,24,24,25,0.0
src/Presentation/assets/sprites_16bf/world_24x24/oryx_16bit_fantasy_world_2141.png,world_24x24,42,42,43,0.0
src/Presentation/assets/sprites_16bf/world_24x24/oryx_16bit_fantasy_world_2142.png,world_24x24,42,42,43,0.0
src/Presentation/assets/sprites_16bf/world_24x24/oryx_16bit_fantasy_world_2143.png,world_24x24,12,12,13,0.0
src/Presentation/assets/sprites_16bf/world_24x24/oryx_16bit_fantasy_world_2144.png,world_24x24,24,24,25,0.0
src/Presentation/assets/sprites_16bf/world_24x24/oryx_16bit_fantasy_world_2145.png,world_24x24,42,42,43,0.0
src/Presentation/assets/sprites_16bf/world_24x24/oryx_16bit_fantasy_world_2146.png,world_24x24,42,42,43,0.0
src/Presentation/assets/sprites_16bf/world_24x24/oryx_16bit_fantasy_world_2147.png,world_24x24,0,0,1,0.0
src/Presentation/assets/sprites_16bf/world_24x24/oryx_16bit_fantasy_world_2148.png,world_24x24,0,0,1,0.0
src/Presentation/assets/sprites_16bf/world_24x24/oryx_16bit_fantasy_world_2149.png,world_24x24,0,0,1,0.0
src/Presentation/assets/sprites_16bf/world_24x24/oryx_16bit_fantasy_world_2150.png,world_24x24,0,0,1,0.0
src/Presentation/assets/sprites_16bf/world_24x24/oryx_16bit_fantasy_world_2151.png,world_24x24,0,0,1,0.0
src/Presentation/assets/sprites_16bf/world_24x24/oryx_16bit_fantasy_world_2152.png,world_24x24,0,0,1,0.0
src/Presentation/assets/sprites_16bf/world_24x24/oryx_16bit_fantasy_world_2153.png,world_24x24,0,0,1,0.0
src/Presentation/assets/sprites_16bf/world_24x24/oryx_16bit_fantasy_world_2154.png,world_24x24,12,12,13,0.0
src/Presentation/assets/sprites_16bf/world_24x24/oryx_16bit_fantasy_world_216.png,world_24x24,20,29,35,0.5043
src/Presentation/assets/sprites_16bf/world_24x24/oryx_16bit_fantasy_world_2168.png,world_24x24,5,11,12,0.5934
src/Presentation/assets/sprites_16bf/world_24x24/oryx_16bit_fantasy_world_2169.png,world_24x24,6,11,14,0.6275
src/Presentation/assets/sprites_16bf/world_24x24/oryx_16bit_fantasy_world_217.png,world_24x24,18,41,45,0.7423
src/Presentation/assets/sprites_16bf/world_24x24/oryx_16bit_fantasy_world_2170.png,world_24x24,2,4,8,0.7031
src/Presentation/assets/sprites_16bf/world_24x24/oryx_16bit_fantasy_world_2171.png,world_24x24,6,9,12,0.6667
src/Presentation/assets/sprites_16bf/world_24x24/oryx_16bit_fantasy_world_2172.png,world_24x24,6,6,8,0.0
src/Presentation/assets/sprites_16bf/world_24x24/oryx_16bit_fantasy_world_2173.png,world_24x24,6,6,8,0.0
src/Presentation/assets/sprites_16bf/world_24x24/oryx_16bit_fantasy_world_2175.png,world_24x24,6,6,8,0.0
src/Presentation/assets/sprites_16bf/world_24x24/oryx_16bit_fantasy_world_2176.png,world_24x24,6,6,8,0.0
src/Presentation/assets/sprites_16bf/world_24x24/oryx_16bit_fantasy_world_2178.png,world_24x24,6,6,8,0.0
src/Presentation/assets/sprites_16bf/world_24x24/oryx_16bit_fantasy_world_2179.png,world_24x24,6,6,8,0.0
src/Presentation/assets/sprites_16bf/world_24x24/oryx_16bit_fantasy_world_218.png,world_24x24,13,38,45,0.6805
src/Presentation/assets/sprites_16bf/world_24x24/oryx_16bit_fantasy_world_2181.png,world_24x24,6,6,8,0.0
src/Presentation/assets/sprites_16bf/world_24x24/oryx_16bit_fantasy_world_2182.png,world_24x24,6,6,8,0.0
src/Presentation/assets/sprites_16bf/world_24x24/oryx_16bit_fantasy_world_219.png,world_24x24,26,48,54,0.7405
src/Presentation/assets/sprites_16bf/world_24x24/oryx_16bit_fantasy_world_2190.png,world_24x24,24,24,26,0.1286
src/Presentation/assets/sprites_16bf/world_24x24/oryx_16bit_fantasy_world_2191.png,world_24x24,0,0,1,0.0
src/Presentation/assets/sprites_16bf/world_24x24/oryx_16bit_fantasy_world_2192.png,world_24x24,24,24,26,0.1286
src/Presentation/assets/sprites_16bf/world_24x24/oryx_16bit_fantasy_world_2193.png,world_24x24,27,27,29,0.1951
src/Presentation/assets/sprites_16bf/world_24x24/oryx_16bit_fantasy_world_2194.png,world_24x24,27,27,29,0.1951
src/Presentation/assets/sprites_16bf/world_24x24/oryx_16bit_fantasy_world_220.png,world_24x24,24,36,51,0.7684
src/Presentation/assets/sprites_16bf/world_24x24/oryx_16bit_fantasy_world_221.png,world_24x24,25,47,56,0.9315
src/Presentation/assets/sprites_16bf/world_24x24/oryx_16bit_fantasy_world_222.png,world_24x24,30,49,63,0.9301
src/Presentation/assets/sprites_16bf/world_24x24/oryx_16bit_fantasy_world_223.png,world_24x24,35,55,70,0.9298
src/Presentation/assets/sprites_16bf/world_24x24/oryx_16bit_fantasy_world_224.png,world_24x24,7,20,25,0.3167
src/Presentation/assets/sprites_16bf/world_24x24/oryx_16bit_fantasy_world_2247.png,world_24x24,29,29,31,0.2379
src/Presentation/assets/sprites_16bf/world_24x24/oryx_16bit_fantasy_world_2248.png,world_24x24,26,26,28,0.1393
src/Presentation/assets/sprites_16bf/world_24x24/oryx_16bit_fantasy_world_2249.png,world_24x24,29,29,31,0.2379
src/Presentation/assets/sprites_16bf/world_24x24/oryx_16bit_fantasy_world_225.png,world_24x24,4,16,19,0.411
src/Presentation/assets/sprites_16bf/world_24x24/oryx_16bit_fantasy_world_2250.png,world_24x24,52,52,54,0.3393
src/Presentation/assets/sprites_16bf/world_24x24/oryx_16bit_fantasy_world_226.png,world_24x24,7,20,25,0.3167
src/Presentation/assets/sprites_16bf/world_24x24/oryx_16bit_fantasy_world_227.png,world_24x24,4,16,19,0.411
src/Presentation/assets/sprites_16bf/world_24x24/oryx_16bit_fantasy_world_230.png,world_24x24,16,16,23,0.6007
src/Presentation/assets/sprites_16bf/world_24x24/oryx_16bit_fantasy_world_231.png,world_24x24,31,38,52,0.6944
src/Presentation/assets/sprites_16bf/world_24x24/oryx_16bit_fantasy_world_232.png,world_24x24,46,52,75,0.7101
src/Presentation/assets/sprites_16bf/world_24x24/oryx_16bit_fantasy_world_233.png,world_24x24,2,2,4,0.2865
src/Presentation/assets/sprites_16bf/world_24x24/oryx_16bit_fantasy_world_234.png,world_24x24,34,34,36,0.4115
src/Presentation/assets/sprites_16bf/world_24x24/oryx_16bit_fantasy_world_235.png,world_24x24,10,15,24,0.474
src/Presentation/assets/sprites_16bf/world_24x24/oryx_16bit_fantasy_world_236.png,world_24x24,0,0,17,0.7778
src/Presentation/assets/sprites_16bf/world_24x24/oryx_16bit_fantasy_world_237.png,world_24x24,4,6,26,0.7451
src/Presentation/assets/sprites_16bf/world_24x24/oryx_16bit_fantasy_world_238.png,world_24x24,4,5,23,0.4635
src/Presentation/assets/sprites_16bf/world_24x24/oryx_16bit_fantasy_world_239.png,world_24x24,16,16,25,0.5347
src/Presentation/assets/sprites_16bf/world_24x24/oryx_16bit_fantasy_world_240.png,world_24x24,16,16,25,0.5347
src/Presentation/assets/sprites_16bf/world_24x24/oryx_16bit_fantasy_world_241.png,world_24x24,16,16,25,0.5347
src/Presentation/assets/sprites_16bf/world_24x24/oryx_16bit_fantasy_world_242.png,world_24x24,16,16,25,0.5347
src/Presentation/assets/sprites_16bf/world_24x24/oryx_16bit_fantasy_world_243.png,world_24x24,9,9,12,0.3385
src/Presentation/assets/sprites_16bf/world_24x24/oryx_16bit_fantasy_world_244.png,world_24x24,16,16,25,0.5347
src/Presentation/assets/sprites_16bf/world_24x24/oryx_16bit_fantasy_world_245.png,world_24x24,9,9,12,0.3385
src/Presentation/assets/sprites_16bf/world_24x24/oryx_16bit_fantasy_world_246.png,world_24x24,9,9,12,0.3385
src/Presentation/assets/sprites_16bf/world_24x24/oryx_16bit_fantasy_world_247.png,world_24x24,9,9,12,0.3385
src/Presentation/assets/sprites_16bf/world_24x24/oryx_16bit_fantasy_world_248.png,world_24x24,9,9,12,0.3385
src/Presentation/assets/sprites_16bf/world_24x24/oryx_16bit_fantasy_world_249.png,world_24x24,9,9,12,0.3385
src/Presentation/assets/sprites_16bf/world_24x24/oryx_16bit_fantasy_world_250.png,world_24x24,9,9,12,0.3385
src/Presentation/assets/sprites_16bf/world_24x24/oryx_16bit_fantasy_world_251.png,world_24x24,9,9,12,0.3385
src/Presentation/assets/sprites_16bf/world_24x24/oryx_16bit_fantasy_world_252.png,world_24x24,9,9,12,0.3385
src/Presentation/assets/sprites_16bf/world_24x24/oryx_16bit_fantasy_world_253.png,world_24x24,9,9,12,0.3385
src/Presentation/assets/sprites_16bf/world_24x24/oryx_16bit_fantasy_world_254.png,world_24x24,9,9,12,0.3385
src/Presentation/assets/sprites_16bf/world_24x24/oryx_16bit_fantasy_world_255.png,world_24x24,31,38,52,0.6944
src/Presentation/assets/sprites_16bf/world_24x24/oryx_16bit_fantasy_world_256.png,world_24x24,46,52,75,0.7101
src/Presentation/assets/sprites_16bf/world_24x24/oryx_16bit_fantasy_world_258.png,world_24x24,6,14,22,0.9777
src/Presentation/assets/sprites_16bf/world_24x24/oryx_16bit_fantasy_world_259.png,world_24x24,6,14,22,0.965
src/Presentation/assets/sprites_16bf/world_24x24/oryx_16bit_fantasy_world_260.png,world_24x24,11,32,46,0.9945
src/Presentation/assets/sprites_16bf/world_24x24/oryx_16bit_fantasy_world_261.png,world_24x24,14,28,39,0.8208
src/Presentation/assets/sprites_16bf/world_24x24/oryx_16bit_fantasy_world_262.png,world_24x24,30,38,49,0.8257
src/Presentation/assets/sprites_16bf/world_24x24/oryx_16bit_fantasy_world_263.png,world_24x24,17,29,38,0.801
src/Presentation/assets/sprites_16bf/world_24x24/oryx_16bit_fantasy_world_264.png,world_24x24,13,20,28,0.7311
src/Presentation/assets/sprites_16bf/world_24x24/oryx_16bit_fantasy_world_265.png,world_24x24,34,68,84,0.9032
src/Presentation/assets/sprites_16bf/world_24x24/oryx_16bit_fantasy_world_266.png,world_24x24,32,55,68,0.7769
src/Presentation/assets/sprites_16bf/world_24x24/oryx_16bit_fantasy_world_267.png,world_24x24,27,57,73,0.8741
src/Presentation/assets/sprites_16bf/world_24x24/oryx_16bit_fantasy_world_268.png,world_24x24,18,49,78,0.9343
src/Presentation/assets/sprites_16bf/world_24x24/oryx_16bit_fantasy_world_269.png,world_24x24,22,57,81,0.9013
src/Presentation/assets/sprites_16bf/world_24x24/oryx_16bit_fantasy_world_270.png,world_24x24,12,57,71,0.9037
src/Presentation/assets/sprites_16bf/world_24x24/oryx_16bit_fantasy_world_271.png,world_24x24,18,48,63,0.8628
src/Presentation/assets/sprites_16bf/world_24x24/oryx_16bit_fantasy_world_273.png,world_24x24,32,60,70,0.6774
src/Presentation/assets/sprites_16bf/world_24x24/oryx_16bit_fantasy_world_274.png,world_24x24,43,71,87,0.729
src/Presentation/assets/sprites_16bf/world_24x24/oryx_16bit_fantasy_world_275.png,world_24x24,29,55,66,0.6731
src/Presentation/assets/sprites_16bf/world_24x24/oryx_16bit_fantasy_world_276.png,world_24x24,54,96,119,0.937
src/Presentation/assets/sprites_16bf/world_24x24/oryx_16bit_fantasy_world_277.png,world_24x24,16,63,74,0.9184
src/Presentation/assets/sprites_16bf/world_24x24/oryx_16bit_fantasy_world_278.png,world_24x24,45,65,77,0.9274
src/Presentation/assets/sprites_16bf/world_24x24/oryx_16bit_fantasy_world_279.png,world_24x24,66,94,110,0.9703
src/Presentation/assets/sprites_16bf/world_24x24/oryx_16bit_fantasy_world_280.png,world_24x24,10,10,12,0.2292
src/Presentation/assets/sprites_16bf/world_24x24/oryx_16bit_fantasy_world_281.png,world_24x24,5,5,6,0.2292
src/Presentation/assets/sprites_16bf/world_24x24/oryx_16bit_fantasy_world_282.png,world_24x24,10,10,12,0.2292
src/Presentation/assets/sprites_16bf/world_24x24/oryx_16bit_fantasy_world_283.png,world_24x24,5,5,6,0.2292
src/Presentation/assets/sprites_16bf/world_24x24/oryx_16bit_fantasy_world_287.png,world_24x24,17,20,29,0.7344
src/Presentation/assets/sprites_16bf/world_24x24/oryx_16bit_fantasy_world_288.png,world_24x24,26,37,57,0.8073
src/Presentation/assets/sprites_16bf/world_24x24/oryx_16bit_fantasy_world_289.png,world_24x24,32,51,76,0.849
src/Presentation/assets/sprites_16bf/world_24x24/oryx_16bit_fantasy_world_290.png,world_24x24,8,8,10,0.3125
src/Presentation/assets/sprites_16bf/world_24x24/oryx_16bit_fantasy_world_291.png,world_24x24,4,4,8,0.7066
src/Presentation/assets/sprites_16bf/world_24x24/oryx_16bit_fantasy_world_292.png,world_24x24,10,15,24,0.474
src/Presentation/assets/sprites_16bf/world_24x24/oryx_16bit_fantasy_world_293.png,world_24x24,12,12,17,0.4896
src/Presentation/assets/sprites_16bf/world_24x24/oryx_16bit_fantasy_world_294.png,world_24x24,14,14,23,0.6383
src/Presentation/assets/sprites_16bf/world_24x24/oryx_16bit_fantasy_world_295.png,world_24x24,13,15,23,0.401
src/Presentation/assets/sprites_16bf/world_24x24/oryx_16bit_fantasy_world_296.png,world_24x24,17,20,30,0.7795
src/Presentation/assets/sprites_16bf/world_24x24/oryx_16bit_fantasy_world_297.png,world_24x24,9,11,21,0.7431
src/Presentation/assets/sprites_16bf/world_24x24/oryx_16bit_fantasy_world_298.png,world_24x24,0,2,14,0.7083
src/Presentation/assets/sprites_16bf/world_24x24/oryx_16bit_fantasy_world_299.png,world_24x24,9,12,22,0.7431
src/Presentation/assets/sprites_16bf/world_24x24/oryx_16bit_fantasy_world_300.png,world_24x24,10,10,19,0.6198
src/Presentation/assets/sprites_16bf/world_24x24/oryx_16bit_fantasy_world_301.png,world_24x24,7,7,19,0.5087
src/Presentation/assets/sprites_16bf/world_24x24/oryx_16bit_fantasy_world_302.png,world_24x24,7,9,17,0.6632
src/Presentation/assets/sprites_16bf/world_24x24/oryx_16bit_fantasy_world_303.png,world_24x24,13,15,27,0.5833
src/Presentation/assets/sprites_16bf/world_24x24/oryx_16bit_fantasy_world_304.png,world_24x24,13,14,27,0.5868
src/Presentation/assets/sprites_16bf/world_24x24/oryx_16bit_fantasy_world_305.png,world_24x24,13,16,28,0.6354
src/Presentation/assets/sprites_16bf/world_24x24/oryx_16bit_fantasy_world_306.png,world_24x24,8,13,24,0.6233
src/Presentation/assets/sprites_16bf/world_24x24/oryx_16bit_fantasy_world_307.png,world_24x24,19,20,39,0.7361
src/Presentation/assets/sprites_16bf/world_24x24/oryx_16bit_fantasy_world_308.png,world_24x24,9,10,29,0.7448
src/Presentation/assets/sprites_16bf/world_24x24/oryx_16bit_fantasy_world_309.png,world_24x24,17,17,33,0.6997
src/Presentation/assets/sprites_16bf/world_24x24/oryx_16bit_fantasy_world_310.png,world_24x24,15,18,34,0.6979
src/Presentation/assets/sprites_16bf/world_24x24/oryx_16bit_fantasy_world_311.png,world_24x24,17,21,38,0.7743
src/Presentation/assets/sprites_16bf/world_24x24/oryx_16bit_fantasy_world_312.png,world_24x24,39,66,89,0.7378
src/Presentation/assets/sprites_16bf/world_24x24/oryx_16bit_fantasy_world_313.png,world_24x24,49,81,112,0.8628
src/Presentation/assets/sprites_16bf/world_24x24/oryx_16bit_fantasy_world_315.png,world_24x24,1,7,16,0.8958
src/Presentation/assets/sprites_16bf/world_24x24/oryx_16bit_fantasy_world_316.png,world_24x24,1,7,15,0.7431
src/Presentation/assets/sprites_16bf/world_24x24/oryx_16bit_fantasy_world_317.png,world_24x24,2,5,27,0.8924
src/Presentation/assets/sprites_16bf/world_24x24/oryx_16bit_fantasy_world_318.png,world_24x24,0,1,6,0.6562
src/Presentation/assets/sprites_16bf/world_24x24/oryx_16bit_fantasy_world_319.png,world_24x24,5,9,13,0.504
src/Presentation/assets/sprites_16bf/world_24x24/oryx_16bit_fantasy_world_320.png,world_24x24,13,22,28,0.7609
src/Presentation/assets/sprites_16bf/world_24x24/oryx_16bit_fantasy_world_321.png,world_24x24,2,3,13,0.7551
src/Presentation/assets/sprites_16bf/world_24x24/oryx_16bit_fantasy_world_322.png,world_24x24,10,19,40,0.8458
src/Presentation/assets/sprites_16bf/world_24x24/oryx_16bit_fantasy_world_323.png,world_24x24,4,11,28,0.9436
src/Presentation/assets/sprites_16bf/world_24x24/oryx_16bit_fantasy_world_324.png,world_24x24,5,18,37,0.9403
src/Presentation/assets/sprites_16bf/world_24x24/oryx_16bit_fantasy_world_325.png,world_24x24,2,15,28,0.8261
src/Presentation/assets/sprites_16bf/world_24x24/oryx_16bit_fantasy_world_326.png,world_24x24,18,30,44,0.7311
src/Presentation/assets/sprites_16bf/world_24x24/oryx_16bit_fantasy_world_327.png,world_24x24,5,5,17,0.8492
src/Presentation/assets/sprites_16bf/world_24x24/oryx_16bit_fantasy_world_328.png,world_24x24,5,5,22,0.8728
src/Presentation/assets/sprites_16bf/world_24x24/oryx_16bit_fantasy_world_330.png,world_24x24,37,62,75,0.6958
src/Presentation/assets/sprites_16bf/world_24x24/oryx_16bit_fantasy_world_331.png,world_24x24,37,63,78,0.7103
src/Presentation/assets/sprites_16bf/world_24x24/oryx_16bit_fantasy_world_332.png,world_24x24,34,63,75,0.6964
src/Presentation/assets/sprites_16bf/world_24x24/oryx_16bit_fantasy_world_333.png,world_24x24,34,59,72,0.6938
src/Presentation/assets/sprites_16bf/world_24x24/oryx_16bit_fantasy_world_334.png,world_24x24,37,63,78,0.7103
src/Presentation/assets/sprites_16bf/world_24x24/oryx_16bit_fantasy_world_335.png,world_24x24,32,59,72,0.6944
src/Presentation/assets/sprites_16bf/world_24x24/oryx_16bit_fantasy_world_336.png,world_24x24,62,118,145,0.9652
src/Presentation/assets/sprites_16bf/world_24x24/oryx_16bit_fantasy_world_337.png,world_24x24,71,144,172,0.9828
src/Presentation/assets/sprites_16bf/world_24x24/oryx_16bit_fantasy_world_338.png,world_24x24,63,122,146,0.9581
src/Presentation/assets/sprites_16bf/world_24x24/oryx_16bit_fantasy_world_339.png,world_24x24,54,73,91,0.9244
src/Presentation/assets/sprites_16bf/world_24x24/oryx_16bit_fantasy_world_340.png,world_24x24,65,83,107,0.9221
src/Presentation/assets/sprites_16bf/world_24x24/oryx_16bit_fantasy_world_341.png,world_24x24,55,74,92,0.9242
src/Presentation/assets/sprites_16bf/world_24x24/oryx_16bit_fantasy_world_344.png,world_24x24,4,4,12,0.6979
src/Presentation/assets/sprites_16bf/world_24x24/oryx_16bit_fantasy_world_345.png,world_24x24,13,24,44,0.7552
src/Presentation/assets/sprites_16bf/world_24x24/oryx_16bit_fantasy_world_346.png,world_24x24,25,51,75,0.8073
src/Presentation/assets/sprites_16bf/world_24x24/oryx_16bit_fantasy_world_347.png,world_24x24,0,0,24,1.0
src/Presentation/assets/sprites_16bf/world_24x24/oryx_16bit_fantasy_world_348.png,world_24x24,73,107,140,0.9757
src/Presentation/assets/sprites_16bf/world_24x24/oryx_16bit_fantasy_world_349.png,world_24x24,4,4,13,0.6198
src/Presentation/assets/sprites_16bf/world_24x24/oryx_16bit_fantasy_world_350.png,world_24x24,16,25,35,0.6528
src/Presentation/assets/sprites_16bf/world_24x24/oryx_16bit_fantasy_world_351.png,world_24x24,33,42,54,0.7176
src/Presentation/assets/sprites_16bf/world_24x24/oryx_16bit_fantasy_world_352.png,world_24x24,23,27,37,0.4479
src/Presentation/assets/sprites_16bf/world_24x24/oryx_16bit_fantasy_world_353.png,world_24x24,11,11,22,0.7882
src/Presentation/assets/sprites_16bf/world_24x24/oryx_16bit_fantasy_world_354.png,world_24x24,28,44,64,0.8524
src/Presentation/assets/sprites_16bf/world_24x24/oryx_16bit_fantasy_world_355.png,world_24x24,12,28,46,0.875
src/Presentation/assets/sprites_16bf/world_24x24/oryx_16bit_fantasy_world_357.png,world_24x24,27,40,57,0.809
src/Presentation/assets/sprites_16bf/world_24x24/oryx_16bit_fantasy_world_358.png,world_24x24,21,38,54,0.8003
src/Presentation/assets/sprites_16bf/world_24x24/oryx_16bit_fantasy_world_359.png,world_24x24,21,38,56,0.7986
src/Presentation/assets/sprites_16bf/world_24x24/oryx_16bit_fantasy_world_360.png,world_24x24,15,20,38,0.7743
src/Presentation/assets/sprites_16bf/world_24x24/oryx_16bit_fantasy_world_361.png,world_24x24,17,28,51,0.809
src/Presentation/assets/sprites_16bf/world_24x24/oryx_16bit_fantasy_world_362.png,world_24x24,20,36,56,0.7552
src/Presentation/assets/sprites_16bf/world_24x24/oryx_16bit_fantasy_world_363.png,world_24x24,27,49,67,0.7483
src/Presentation/assets/sprites_16bf/world_24x24/oryx_16bit_fantasy_world_364.png,world_24x24,38,64,90,0.7708
src/Presentation/assets/sprites_16bf/world_24x24/oryx_16bit_fantasy_world_365.png,world_24x24,23,40,67,0.8368
src/Presentation/assets/sprites_16bf/world_24x24/oryx_16bit_fantasy_world_366.png,world_24x24,30,51,70,0.7656
src/Presentation/assets/sprites_16bf/world_24x24/oryx_16bit_fantasy_world_367.png,world_24x24,25,42,64,0.7483
src/Presentation/assets/sprites_16bf/world_24x24/oryx_16bit_fantasy_world_368.png,world_24x24,24,43,61,0.7569
src/Presentation/assets/sprites_16bf/world_24x24/oryx_16bit_fantasy_world_369.png,world_24x24,34,66,96,0.8681
src/Presentation/assets/sprites_16bf/world_24x24/oryx_16bit_fantasy_world_370.png,world_24x24,39,68,104,0.9115
src/Presentation/assets/sprites_16bf/world_24x24/oryx_16bit_fantasy_world_374.png,world_24x24,26,38,47,0.6996
src/Presentation/assets/sprites_16bf/world_24x24/oryx_16bit_fantasy_world_375.png,world_24x24,28,39,50,0.6996
src/Presentation/assets/sprites_16bf/world_24x24/oryx_16bit_fantasy_world_376.png,world_24x24,29,60,78,0.9205
src/Presentation/assets/sprites_16bf/world_24x24/oryx_16bit_fantasy_world_377.png,world_24x24,17,43,50,0.937
src/Presentation/assets/sprites_16bf/world_24x24/oryx_16bit_fantasy_world_378.png,world_24x24,39,78,92,0.9326
src/Presentation/assets/sprites_16bf/world_24x24/oryx_16bit_fantasy_world_379.png,world_24x24,44,89,105,0.9604
src/Presentation/assets/sprites_16bf/world_24x24/oryx_16bit_fantasy_world_380.png,world_24x24,15,31,42,0.8013
src/Presentation/assets/sprites_16bf/world_24x24/oryx_16bit_fantasy_world_381.png,world_24x24,22,43,55,0.8595
src/Presentation/assets/sprites_16bf/world_24x24/oryx_16bit_fantasy_world_382.png,world_24x24,21,34,41,0.781
src/Presentation/assets/sprites_16bf/world_24x24/oryx_16bit_fantasy_world_383.png,world_24x24,8,36,48,0.8041
src/Presentation/assets/sprites_16bf/world_24x24/oryx_16bit_fantasy_world_384.png,world_24x24,15,46,61,0.8746
src/Presentation/assets/sprites_16bf/world_24x24/oryx_16bit_fantasy_world_385.png,world_24x24,21,42,49,0.8736
src/Presentation/assets/sprites_16bf/world_24x24/oryx_16bit_fantasy_world_387.png,world_24x24,37,63,77,0.6898
src/Presentation/assets/sprites_16bf/world_24x24/oryx_16bit_fantasy_world_388.png,world_24x24,37,59,77,0.6962
src/Presentation/assets/sprites_16bf/world_24x24/oryx_16bit_fantasy_world_389.png,world_24x24,35,62,76,0.6877
src/Presentation/assets/sprites_16bf/world_24x24/oryx_16bit_fantasy_world_390.png,world_24x24,34,60,74,0.6879
src/Presentation/assets/sprites_16bf/world_24x24/oryx_16bit_fantasy_world_391.png,world_24x24,37,59,77,0.6962
src/Presentation/assets/sprites_16bf/world_24x24/oryx_16bit_fantasy_world_392.png,world_24x24,33,58,73,0.6858
src/Presentation/assets/sprites_16bf/world_24x24/oryx_16bit_fantasy_world_393.png,world_24x24,65,125,154,0.9513
src/Presentation/assets/sprites_16bf/world_24x24/oryx_16bit_fantasy_world_394.png,world_24x24,83,161,195,0.9632
src/Presentation/assets/sprites_16bf/world_24x24/oryx_16bit_fantasy_world_395.png,world_24x24,72,132,160,0.9531
src/Presentation/assets/sprites_16bf/world_24x24/oryx_16bit_fantasy_world_396.png,world_24x24,61,87,110,0.9211
src/Presentation/assets/sprites_16bf/world_24x24/oryx_16bit_fantasy_world_397.png,world_24x24,76,109,143,0.9179
src/Presentation/assets/sprites_16bf/world_24x24/oryx_16bit_fantasy_world_398.png,world_24x24,59,86,109,0.9211
src/Presentation/assets/sprites_16bf/world_24x24/oryx_16bit_fantasy_world_401.png,world_24x24,3,4,16,0.7396
src/Presentation/assets/sprites_16bf/world_24x24/oryx_16bit_fantasy_world_402.png,world_24x24,11,19,43,0.8281
src/Presentation/assets/sprites_16bf/world_24x24/oryx_16bit_fantasy_world_403.png,world_24x24,19,36,66,0.8924
src/Presentation/assets/sprites_16bf/world_24x24/oryx_16bit_fantasy_world_404.png,world_24x24,2,2,4,0.2865
src/Presentation/assets/sprites_16bf/world_24x24/oryx_16bit_fantasy_world_405.png,world_24x24,7,14,24,0.5
src/Presentation/assets/sprites_16bf/world_24x24/oryx_16bit_fantasy_world_406.png,world_24x24,10,15,24,0.474
src/Presentation/assets/sprites_16bf/world_24x24/oryx_16bit_fantasy_world_407.png,world_24x24,9,11,17,0.4271
src/Presentation/assets/sprites_16bf/world_24x24/oryx_16bit_fantasy_world_408.png,world_24x24,22,24,33,0.6614
src/Presentation/assets/sprites_16bf/world_24x24/oryx_16bit_fantasy_world_409.png,world_24x24,16,18,27,0.408
src/Presentation/assets/sprites_16bf/world_24x24/oryx_16bit_fantasy_world_410.png,world_24x24,5,9,25,0.8125
src/Presentation/assets/sprites_16bf/world_24x24/oryx_16bit_fantasy_world_411.png,world_24x24,13,17,33,0.7986
src/Presentation/assets/sprites_16bf/world_24x24/oryx_16bit_fantasy_world_412.png,world_24x24,5,5,23,0.651
src/Presentation/assets/sprites_16bf/world_24x24/oryx_16bit_fantasy_world_413.png,world_24x24,15,22,40,0.8003
src/Presentation/assets/sprites_16bf/world_24x24/oryx_16bit_fantasy_world_414.png,world_24x24,13,18,31,0.6927
src/Presentation/assets/sprites_16bf/world_24x24/oryx_16bit_fantasy_world_415.png,world_24x24,1,2,11,0.5017
src/Presentation/assets/sprites_16bf/world_24x24/oryx_16bit_fantasy_world_416.png,world_24x24,12,15,26,0.7674
src/Presentation/assets/sprites_16bf/world_24x24/oryx_16bit_fantasy_world_417.png,world_24x24,5,7,24,0.5451
src/Presentation/assets/sprites_16bf/world_24x24/oryx_16bit_fantasy_world_418.png,world_24x24,3,6,20,0.5382
src/Presentation/assets/sprites_16bf/world_24x24/oryx_16bit_fantasy_world_419.png,world_24x24,5,9,20,0.6094
src/Presentation/assets/sprites_16bf/world_24x24/oryx_16bit_fantasy_world_420.png,world_24x24,6,12,24,0.6094
src/Presentation/assets/sprites_16bf/world_24x24/oryx_16bit_fantasy_world_421.png,world_24x24,29,47,58,0.5764
src/Presentation/assets/sprites_16bf/world_24x24/oryx_16bit_fantasy_world_422.png,world_24x24,18,28,46,0.6719
src/Presentation/assets/sprites_16bf/world_24x24/oryx_16bit_fantasy_world_423.png,world_24x24,21,34,45,0.6215
src/Presentation/assets/sprites_16bf/world_24x24/oryx_16bit_fantasy_world_424.png,world_24x24,23,35,45,0.6215
src/Presentation/assets/sprites_16bf/world_24x24/oryx_16bit_fantasy_world_425.png,world_24x24,23,38,51,0.7292
src/Presentation/assets/sprites_16bf/world_24x24/oryx_16bit_fantasy_world_426.png,world_24x24,27,50,73,0.7344
src/Presentation/assets/sprites_16bf/world_24x24/oryx_16bit_fantasy_world_427.png,world_24x24,31,59,83,0.7951
src/Presentation/assets/sprites_16bf/world_24x24/oryx_16bit_fantasy_world_429.png,world_24x24,62,118,126,1.0
src/Presentation/assets/sprites_16bf/world_24x24/oryx_16bit_fantasy_world_430.png,world_24x24,36,76,92,0.9375
src/Presentation/assets/sprites_16bf/world_24x24/oryx_16bit_fantasy_world_431.png,world_24x24,28,58,82,0.9195
src/Presentation/assets/sprites_16bf/world_24x24/oryx_16bit_fantasy_world_432.png,world_24x24,40,65,83,0.915
src/Presentation/assets/sprites_16bf/world_24x24/oryx_16bit_fantasy_world_433.png,world_24x24,32,63,80,0.9174
src/Presentation/assets/sprites_16bf/world_24x24/oryx_16bit_fantasy_world_434.png,world_24x24,8,38,48,0.5
src/Presentation/assets/sprites_16bf/world_24x24/oryx_16bit_fantasy_world_435.png,world_24x24,3,3,15,0.9601
src/Presentation/assets/sprites_16bf/world_24x24/oryx_16bit_fantasy_world_436.png,world_24x24,3,3,15,0.9601
src/Presentation/assets/sprites_16bf/world_24x24/oryx_16bit_fantasy_world_437.png,world_24x24,8,36,48,0.8041
src/Presentation/assets/sprites_16bf/world_24x24/oryx_16bit_fantasy_world_438.png,world_24x24,15,46,61,0.8746
src/Presentation/assets/sprites_16bf/world_24x24/oryx_16bit_fantasy_world_439.png,world_24x24,21,42,49,0.8736
src/Presentation/assets/sprites_16bf/world_24x24/oryx_16bit_fantasy_world_440.png,world_24x24,8,36,48,0.8041
src/Presentation/assets/sprites_16bf/world_24x24/oryx_16bit_fantasy_world_441.png,world_24x24,15,46,61,0.8746
src/Presentation/assets/sprites_16bf/world_24x24/oryx_16bit_fantasy_world_442.png,world_24x24,21,42,49,0.8736
src/Presentation/assets/sprites_16bf/world_24x24/oryx_16bit_fantasy_world_444.png,world_24x24,33,62,73,0.6743
src/Presentation/assets/sprites_16bf/world_24x24/oryx_16bit_fantasy_world_445.png,world_24x24,35,64,76,0.6667
src/Presentation/assets/sprites_16bf/world_24x24/oryx_16bit_fantasy_world_446.png,world_24x24,34,62,73,0.6694
src/Presentation/assets/sprites_16bf/world_24x24/oryx_16bit_fantasy_world_447.png,world_24x24,30,57,69,0.6701
src/Presentation/assets/sprites_16bf/world_24x24/oryx_16bit_fantasy_world_448.png,world_24x24,32,59,72,0.6627
src/Presentation/assets/sprites_16bf/world_24x24/oryx_16bit_fantasy_world_449.png,world_24x24,31,57,69,0.6653
src/Presentation/assets/sprites_16bf/world_24x24/oryx_16bit_fantasy_world_450.png,world_24x24,57,103,128,0.9247
src/Presentation/assets/sprites_16bf/world_24x24/oryx_16bit_fantasy_world_451.png,world_24x24,66,113,142,0.9224
src/Presentation/assets/sprites_16bf/world_24x24/oryx_16bit_fantasy_world_452.png,world_24x24,63,106,133,0.9335
src/Presentation/assets/sprites_16bf/world_24x24/oryx_16bit_fantasy_world_453.png,world_24x24,52,79,96,0.9231
src/Presentation/assets/sprites_16bf/world_24x24/oryx_16bit_fantasy_world_454.png,world_24x24,56,91,113,0.9204
src/Presentation/assets/sprites_16bf/world_24x24/oryx_16bit_fantasy_world_455.png,world_24x24,48,76,93,0.9231
src/Presentation/assets/sprites_16bf/world_24x24/oryx_16bit_fantasy_world_458.png,world_24x24,7,10,22,0.809
src/Presentation/assets/sprites_16bf/world_24x24/oryx_16bit_fantasy_world_459.png,world_24x24,15,24,48,0.8524
src/Presentation/assets/sprites_16bf/world_24x24/oryx_16bit_fantasy_world_460.png,world_24x24,23,42,73,0.9028
src/Presentation/assets/sprites_16bf/world_24x24/oryx_16bit_fantasy_world_461.png,world_24x24,13,15,17,0.3229
src/Presentation/assets/sprites_16bf/world_24x24/oryx_16bit_fantasy_world_462.png,world_24x24,16,36,41,0.5573
src/Presentation/assets/sprites_16bf/world_24x24/oryx_16bit_fantasy_world_463.png,world_24x24,10,15,24,0.474
src/Presentation/assets/sprites_16bf/world_24x24/oryx_16bit_fantasy_world_464.png,world_24x24,17,26,30,0.4201
src/Presentation/assets/sprites_16bf/world_24x24/oryx_16bit_fantasy_world_465.png,world_24x24,22,24,33,0.6614
src/Presentation/assets/sprites_16bf/world_24x24/oryx_16bit_fantasy_world_466.png,world_24x24,16,18,27,0.408
src/Presentation/assets/sprites_16bf/world_24x24/oryx_16bit_fantasy_world_467.png,world_24x24,7,11,23,0.8507
src/Presentation/assets/sprites_16bf/world_24x24/oryx_16bit_fantasy_world_468.png,world_24x24,5,8,25,0.7188
src/Presentation/assets/sprites_16bf/world_24x24/oryx_16bit_fantasy_world_469.png,world_24x24,29,40,63,0.7517
src/Presentation/assets/sprites_16bf/world_24x24/oryx_16bit_fantasy_world_470.png,world_24x24,6,11,27,0.7188
src/Presentation/assets/sprites_16bf/world_24x24/oryx_16bit_fantasy_world_471.png,world_24x24,3,6,18,0.6198
src/Presentation/assets/sprites_16bf/world_24x24/oryx_16bit_fantasy_world_472.png,world_24x24,10,21,38,0.5365
src/Presentation/assets/sprites_16bf/world_24x24/oryx_16bit_fantasy_world_473.png,world_24x24,1,1,9,0.6667
src/Presentation/assets/sprites_16bf/world_24x24/oryx_16bit_fantasy_world_474.png,world_24x24,5,7,24,0.5451
src/Presentation/assets/sprites_16bf/world_24x24/oryx_16bit_fantasy_world_475.png,world_24x24,3,6,20,0.5382
src/Presentation/assets/sprites_16bf/world_24x24/oryx_16bit_fantasy_world_476.png,world_24x24,3,6,14,0.5816
src/Presentation/assets/sprites_16bf/world_24x24/oryx_16bit_fantasy_world_477.png,world_24x24,4,8,16,0.5816
src/Presentation/assets/sprites_16bf/world_24x24/oryx_16bit_fantasy_world_478.png,world_24x24,17,35,47,0.5521
src/Presentation/assets/sprites_16bf/world_24x24/oryx_16bit_fantasy_world_479.png,world_24x24,13,25,43,0.658
src/Presentation/assets/sprites_16bf/world_24x24/oryx_16bit_fantasy_world_480.png,world_24x24,15,31,41,0.5556
src/Presentation/assets/sprites_16bf/world_24x24/oryx_16bit_fantasy_world_481.png,world_24x24,16,31,43,0.6111
src/Presentation/assets/sprites_16bf/world_24x24/oryx_16bit_fantasy_world_482.png,world_24x24,33,51,68,0.6215
src/Presentation/assets/sprites_16bf/world_24x24/oryx_16bit_fantasy_world_483.png,world_24x24,38,69,91,0.7778
src/Presentation/assets/sprites_16bf/world_24x24/oryx_16bit_fantasy_world_484.png,world_24x24,46,68,93,0.8142
src/Presentation/assets/sprites_16bf/world_24x24/oryx_16bit_fantasy_world_486.png,world_24x24,35,71,93,0.9
src/Presentation/assets/sprites_16bf/world_24x24/oryx_16bit_fantasy_world_487.png,world_24x24,13,30,49,0.8516
src/Presentation/assets/sprites_16bf/world_24x24/oryx_16bit_fantasy_world_488.png,world_24x24,33,50,67,0.8606
src/Presentation/assets/sprites_16bf/world_24x24/oryx_16bit_fantasy_world_489.png,world_24x24,26,39,62,0.9184
src/Presentation/assets/sprites_16bf/world_24x24/oryx_16bit_fantasy_world_490.png,world_24x24,35,51,68,0.9007
src/Presentation/assets/sprites_16bf/world_24x24/oryx_16bit_fantasy_world_491.png,world_24x24,12,32,47,0.8792
src/Presentation/assets/sprites_16bf/world_24x24/oryx_16bit_fantasy_world_492.png,world_24x24,18,24,47,0.8189
src/Presentation/assets/sprites_16bf/world_24x24/oryx_16bit_fantasy_world_493.png,world_24x24,24,37,55,0.8779
src/Presentation/assets/sprites_16bf/world_24x24/oryx_16bit_fantasy_world_494.png,world_24x24,8,36,48,0.8041
src/Presentation/assets/sprites_16bf/world_24x24/oryx_16bit_fantasy_world_495.png,world_24x24,15,46,61,0.8746
src/Presentation/assets/sprites_16bf/world_24x24/oryx_16bit_fantasy_world_496.png,world_24x24,21,42,49,0.8736
src/Presentation/assets/sprites_16bf/world_24x24/oryx_16bit_fantasy_world_497.png,world_24x24,8,36,48,0.8041
src/Presentation/assets/sprites_16bf/world_24x24/oryx_16bit_fantasy_world_498.png,world_24x24,15,46,61,0.8746
src/Presentation/assets/sprites_16bf/world_24x24/oryx_16bit_fantasy_world_499.png,world_24x24,21,42,49,0.8736
src/Presentation/assets/sprites_16bf/world_24x24/oryx_16bit_fantasy_world_501.png,world_24x24,10,18,21,0.696
src/Presentation/assets/sprites_16bf/world_24x24/oryx_16bit_fantasy_world_502.png,world_24x24,22,35,43,0.7008
src/Presentation/assets/sprites_16bf/world_24x24/oryx_16bit_fantasy_world_503.png,world_24x24,10,19,22,0.7008
src/Presentation/assets/sprites_16bf/world_24x24/oryx_16bit_fantasy_world_504.png,world_24x24,10,18,21,0.696
src/Presentation/assets/sprites_16bf/world_24x24/oryx_16bit_fantasy_world_505.png,world_24x24,22,35,43,0.7008
src/Presentation/assets/sprites_16bf/world_24x24/oryx_16bit_fantasy_world_506.png,world_24x24,10,19,22,0.7008
src/Presentation/assets/sprites_16bf/world_24x24/oryx_16bit_fantasy_world_507.png,world_24x24,17,35,41,1.0
src/Presentation/assets/sprites_16bf/world_24x24/oryx_16bit_fantasy_world_508.png,world_24x24,35,72,82,0.9948
src/Presentation/assets/sprites_16bf/world_24x24/oryx_16bit_fantasy_world_509.png,world_24x24,18,37,41,0.9894
src/Presentation/assets/sprites_16bf/world_24x24/oryx_16bit_fantasy_world_510.png,world_24x24,16,19,23,0.9231
src/Presentation/assets/sprites_16bf/world_24x24/oryx_16bit_fantasy_world_511.png,world_24x24,31,38,46,0.9237
src/Presentation/assets/sprites_16bf/world_24x24/oryx_16bit_fantasy_world_512.png,world_24x24,15,19,23,0.9242
src/Presentation/assets/sprites_16bf/world_24x24/oryx_16bit_fantasy_world_515.png,world_24x24,11,11,17,0.5347
src/Presentation/assets/sprites_16bf/world_24x24/oryx_16bit_fantasy_world_516.png,world_24x24,19,29,44,0.6632
src/Presentation/assets/sprites_16bf/world_24x24/oryx_16bit_fantasy_world_517.png,world_24x24,30,53,72,0.7413
src/Presentation/assets/sprites_16bf/world_24x24/oryx_16bit_fantasy_world_518.png,world_24x24,4,6,9,0.5208
src/Presentation/assets/sprites_16bf/world_24x24/oryx_16bit_fantasy_world_519.png,world_24x24,18,49,53,0.783
src/Presentation/assets/sprites_16bf/world_24x24/oryx_16bit_fantasy_world_520.png,world_24x24,15,21,34,0.651
src/Presentation/assets/sprites_16bf/world_24x24/oryx_16bit_fantasy_world_521.png,world_24x24,3,3,10,0.5486
src/Presentation/assets/sprites_16bf/world_24x24/oryx_16bit_fantasy_world_522.png,world_24x24,4,4,14,0.7314
src/Presentation/assets/sprites_16bf/world_24x24/oryx_16bit_fantasy_world_523.png,world_24x24,4,4,16,0.4549
src/Presentation/assets/sprites_16bf/world_24x24/oryx_16bit_fantasy_world_524.png,world_24x24,10,10,17,0.5938
src/Presentation/assets/sprites_16bf/world_24x24/oryx_16bit_fantasy_world_525.png,world_24x24,8,12,19,0.5243
src/Presentation/assets/sprites_16bf/world_24x24/oryx_16bit_fantasy_world_526.png,world_24x24,0,0,7,0.4167
src/Presentation/assets/sprites_16bf/world_24x24/oryx_16bit_fantasy_world_527.png,world_24x24,8,11,18,0.5208
src/Presentation/assets/sprites_16bf/world_24x24/oryx_16bit_fantasy_world_528.png,world_24x24,10,11,18,0.4549
src/Presentation/assets/sprites_16bf/world_24x24/oryx_16bit_fantasy_world_529.png,world_24x24,0,0,7,0.4167
src/Presentation/assets/sprites_16bf/world_24x24/oryx_16bit_fantasy_world_530.png,world_24x24,0,2,9,0.5521
src/Presentation/assets/sprites_16bf/world_24x24/oryx_16bit_fantasy_world_531.png,world_24x24,6,9,18,0.4045
src/Presentation/assets/sprites_16bf/world_24x24/oryx_16bit_fantasy_world_532.png,world_24x24,6,9,18,0.401
src/Presentation/assets/sprites_16bf/world_24x24/oryx_16bit_fantasy_world_533.png,world_24x24,8,11,19,0.5174
src/Presentation/assets/sprites_16bf/world_24x24/oryx_16bit_fantasy_world_534.png,world_24x24,7,10,20,0.5382
src/Presentation/assets/sprites_16bf/world_24x24/oryx_16bit_fantasy_world_535.png,world_24x24,12,12,25,0.3785
src/Presentation/assets/sprites_16bf/world_24x24/oryx_16bit_fantasy_world_536.png,world_24x24,0,2,13,0.3611
src/Presentation/assets/sprites_16bf/world_24x24/oryx_16bit_fantasy_world_537.png,world_24x24,7,10,21,0.4132
src/Presentation/assets/sprites_16bf/world_24x24/oryx_16bit_fantasy_world_538.png,world_24x24,6,7,18,0.3976
src/Presentation/assets/sprites_16bf/world_24x24/oryx_16bit_fantasy_world_539.png,world_24x24,15,18,29,0.4913
src/Presentation/assets/sprites_16bf/world_24x24/oryx_16bit_fantasy_world_540.png,world_24x24,41,76,91,0.6858
src/Presentation/assets/sprites_16bf/world_24x24/oryx_16bit_fantasy_world_541.png,world_24x24,59,84,100,0.724
src/Presentation/assets/sprites_16bf/world_24x24/oryx_16bit_fantasy_world_543.png,world_24x24,4,4,20,0.95
src/Presentation/assets/sprites_16bf/world_24x24/oryx_16bit_fantasy_world_544.png,world_24x24,4,4,20,0.95
src/Presentation/assets/sprites_16bf/world_24x24/oryx_16bit_fantasy_world_545.png,world_24x24,4,8,23,0.9286
src/Presentation/assets/sprites_16bf/world_24x24/oryx_16bit_fantasy_world_546.png,world_24x24,4,8,23,0.9286
src/Presentation/assets/sprites_16bf/world_24x24/oryx_16bit_fantasy_world_547.png,world_24x24,14,36,49,0.8047
src/Presentation/assets/sprites_16bf/world_24x24/oryx_16bit_fantasy_world_548.png,world_24x24,15,36,55,0.7808
src/Presentation/assets/sprites_16bf/world_24x24/oryx_16bit_fantasy_world_549.png,world_24x24,59,75,78,0.6523
src/Presentation/assets/sprites_16bf/world_24x24/oryx_16bit_fantasy_world_550.png,world_24x24,65,83,86,0.7104
src/Presentation/assets/sprites_16bf/world_24x24/oryx_16bit_fantasy_world_551.png,world_24x24,16,22,31,0.7434
src/Presentation/assets/sprites_16bf/world_24x24/oryx_16bit_fantasy_world_552.png,world_24x24,15,20,31,0.7751
src/Presentation/assets/sprites_16bf/world_24x24/oryx_16bit_fantasy_world_553.png,world_24x24,24,30,38,0.7646
src/Presentation/assets/sprites_16bf/world_24x24/oryx_16bit_fantasy_world_554.png,world_24x24,24,30,38,0.7328
src/Presentation/assets/sprites_16bf/world_24x24/oryx_16bit_fantasy_world_555.png,world_24x24,20,42,56,0.823
src/Presentation/assets/sprites_16bf/world_24x24/oryx_16bit_fantasy_world_556.png,world_24x24,15,35,52,0.8826
src/Presentation/assets/sprites_16bf/world_24x24/oryx_16bit_fantasy_world_558.png,world_24x24,13,20,23,0.6132
src/Presentation/assets/sprites_16bf/world_24x24/oryx_16bit_fantasy_world_559.png,world_24x24,22,38,44,0.6056
src/Presentation/assets/sprites_16bf/world_24x24/oryx_16bit_fantasy_world_560.png,world_24x24,11,19,22,0.5981
src/Presentation/assets/sprites_16bf/world_24x24/oryx_16bit_fantasy_world_561.png,world_24x24,11,18,21,0.6038
src/Presentation/assets/sprites_16bf/world_24x24/oryx_16bit_fantasy_world_562.png,world_24x24,19,33,40,0.5962
src/Presentation/assets/sprites_16bf/world_24x24/oryx_16bit_fantasy_world_563.png,world_24x24,10,16,20,0.5888
src/Presentation/assets/sprites_16bf/world_24x24/oryx_16bit_fantasy_world_564.png,world_24x24,13,18,23,0.8431
src/Presentation/assets/sprites_16bf/world_24x24/oryx_16bit_fantasy_world_565.png,world_24x24,30,40,52,0.8683
src/Presentation/assets/sprites_16bf/world_24x24/oryx_16bit_fantasy_world_566.png,world_24x24,17,22,29,0.8932
src/Presentation/assets/sprites_16bf/world_24x24/oryx_16bit_fantasy_world_567.png,world_24x24,11,23,26,0.9186
src/Presentation/assets/sprites_16bf/world_24x24/oryx_16bit_fantasy_world_568.png,world_24x24,22,46,52,0.9186
src/Presentation/assets/sprites_16bf/world_24x24/oryx_16bit_fantasy_world_569.png,world_24x24,11,23,26,0.9186
src/Presentation/assets/sprites_16bf/world_24x24/oryx_16bit_fantasy_world_572.png,world_24x24,17,17,28,0.6545
src/Presentation/assets/sprites_16bf/world_24x24/oryx_16bit_fantasy_world_573.png,world_24x24,21,33,48,0.717
src/Presentation/assets/sprites_16bf/world_24x24/oryx_16bit_fantasy_world_574.png,world_24x24,32,49,71,0.7691
src/Presentation/assets/sprites_16bf/world_24x24/oryx_16bit_fantasy_world_575.png,world_24x24,0,0,5,0.4722
src/Presentation/assets/sprites_16bf/world_24x24/oryx_16bit_fantasy_world_576.png,world_24x24,10,17,25,0.5729
src/Presentation/assets/sprites_16bf/world_24x24/oryx_16bit_fantasy_world_577.png,world_24x24,20,20,21,0.1076
src/Presentation/assets/sprites_16bf/world_24x24/oryx_16bit_fantasy_world_578.png,world_24x24,15,23,31,0.5573
src/Presentation/assets/sprites_16bf/world_24x24/oryx_16bit_fantasy_world_579.png,world_24x24,8,32,50,0.8972
src/Presentation/assets/sprites_16bf/world_24x24/oryx_16bit_fantasy_world_580.png,world_24x24,10,40,53,0.6838
src/Presentation/assets/sprites_16bf/world_24x24/oryx_16bit_fantasy_world_581.png,world_24x24,15,15,27,0.6753
src/Presentation/assets/sprites_16bf/world_24x24/oryx_16bit_fantasy_world_582.png,world_24x24,13,13,25,0.592
src/Presentation/assets/sprites_16bf/world_24x24/oryx_16bit_fantasy_world_583.png,world_24x24,11,11,23,0.4861
src/Presentation/assets/sprites_16bf/world_24x24/oryx_16bit_fantasy_world_584.png,world_24x24,14,15,27,0.5955
src/Presentation/assets/sprites_16bf/world_24x24/oryx_16bit_fantasy_world_585.png,world_24x24,16,16,26,0.5295
src/Presentation/assets/sprites_16bf/world_24x24/oryx_16bit_fantasy_world_586.png,world_24x24,5,6,16,0.467
src/Presentation/assets/sprites_16bf/world_24x24/oryx_16bit_fantasy_world_587.png,world_24x24,11,11,23,0.6354
src/Presentation/assets/sprites_16bf/world_24x24/oryx_16bit_fantasy_world_588.png,world_24x24,12,14,20,0.3889
src/Presentation/assets/sprites_16bf/world_24x24/oryx_16bit_fantasy_world_589.png,world_24x24,13,13,19,0.342
src/Presentation/assets/sprites_16bf/world_24x24/oryx_16bit_fantasy_world_59.png,world_24x24,5,5,10,0.4774
src/Presentation/assets/sprites_16bf/world_24x24/oryx_16bit_fantasy_world_590.png,world_24x24,6,6,12,0.4462
src/Presentation/assets/sprites_16bf/world_24x24/oryx_16bit_fantasy_world_591.png,world_24x24,10,10,17,0.4653
src/Presentation/assets/sprites_16bf/world_24x24/oryx_16bit_fantasy_world_592.png,world_24x24,9,22,34,0.4826
src/Presentation/assets/sprites_16bf/world_24x24/oryx_16bit_fantasy_world_593.png,world_24x24,15,18,26,0.3368
src/Presentation/assets/sprites_16bf/world_24x24/oryx_16bit_fantasy_world_594.png,world_24x24,8,20,30,0.5191
src/Presentation/assets/sprites_16bf/world_24x24/oryx_16bit_fantasy_world_595.png,world_24x24,9,21,31,0.526
src/Presentation/assets/sprites_16bf/world_24x24/oryx_16bit_fantasy_world_596.png,world_24x24,8,23,34,0.5868
src/Presentation/assets/sprites_16bf/world_24x24/oryx_16bit_fantasy_world_597.png,world_24x24,24,45,65,0.7691
src/Presentation/assets/sprites_16bf/world_24x24/oryx_16bit_fantasy_world_598.png,world_24x24,36,53,71,0.6927
src/Presentation/assets/sprites_16bf/world_24x24/oryx_16bit_fantasy_world_60.png,world_24x24,14,22,34,0.6198
src/Presentation/assets/sprites_16bf/world_24x24/oryx_16bit_fantasy_world_600.png,world_24x24,6,9,18,0.8108
src/Presentation/assets/sprites_16bf/world_24x24/oryx_16bit_fantasy_world_601.png,world_24x24,5,5,20,0.8104
src/Presentation/assets/sprites_16bf/world_24x24/oryx_16bit_fantasy_world_602.png,world_24x24,5,5,14,0.8004
src/Presentation/assets/sprites_16bf/world_24x24/oryx_16bit_fantasy_world_603.png,world_24x24,26,54,70,0.9081
src/Presentation/assets/sprites_16bf/world_24x24/oryx_16bit_fantasy_world_604.png,world_24x24,24,38,52,0.8622
src/Presentation/assets/sprites_16bf/world_24x24/oryx_16bit_fantasy_world_605.png,world_24x24,4,8,17,0.6406
src/Presentation/assets/sprites_16bf/world_24x24/oryx_16bit_fantasy_world_606.png,world_24x24,4,10,18,0.5972
src/Presentation/assets/sprites_16bf/world_24x24/oryx_16bit_fantasy_world_607.png,world_24x24,3,7,16,0.6389
src/Presentation/assets/sprites_16bf/world_24x24/oryx_16bit_fantasy_world_608.png,world_24x24,16,25,35,0.8051
src/Presentation/assets/sprites_16bf/world_24x24/oryx_16bit_fantasy_world_609.png,world_24x24,15,22,35,0.8397
src/Presentation/assets/sprites_16bf/world_24x24/oryx_16bit_fantasy_world_61.png,world_24x24,27,45,63,0.717
src/Presentation/assets/sprites_16bf/world_24x24/oryx_16bit_fantasy_world_610.png,world_24x24,24,33,42,0.8253
src/Presentation/assets/sprites_16bf/world_24x24/oryx_16bit_fantasy_world_611.png,world_24x24,24,33,42,0.7949
src/Presentation/assets/sprites_16bf/world_24x24/oryx_16bit_fantasy_world_612.png,world_24x24,18,40,52,0.8232
src/Presentation/assets/sprites_16bf/world_24x24/oryx_16bit_fantasy_world_613.png,world_24x24,36,70,81,0.9147
src/Presentation/assets/sprites_16bf/world_24x24/oryx_16bit_fantasy_world_615.png,world_24x24,85,116,135,0.9608
src/Presentation/assets/sprites_16bf/world_24x24/oryx_16bit_fantasy_world_616.png,world_24x24,102,140,161,0.9586
src/Presentation/assets/sprites_16bf/world_24x24/oryx_16bit_fantasy_world_617.png,world_24x24,83,118,136,0.9664
src/Presentation/assets/sprites_16bf/world_24x24/oryx_16bit_fantasy_world_618.png,world_24x24,31,49,58,0.7285
src/Presentation/assets/sprites_16bf/world_24x24/oryx_16bit_fantasy_world_619.png,world_24x24,36,50,62,0.7192
src/Presentation/assets/sprites_16bf/world_24x24/oryx_16bit_fantasy_world_62.png,world_24x24,2,2,4,0.2865
src/Presentation/assets/sprites_16bf/world_24x24/oryx_16bit_fantasy_world_620.png,world_24x24,31,49,58,0.7285
src/Presentation/assets/sprites_16bf/world_24x24/oryx_16bit_fantasy_world_621.png,world_24x24,9,36,47,0.6624
src/Presentation/assets/sprites_16bf/world_24x24/oryx_16bit_fantasy_world_622.png,world_24x24,6,38,51,0.6412
src/Presentation/assets/sprites_16bf/world_24x24/oryx_16bit_fantasy_world_623.png,world_24x24,10,40,49,0.6403
src/Presentation/assets/sprites_16bf/world_24x24/oryx_16bit_fantasy_world_624.png,world_24x24,85,116,135,0.9608
src/Presentation/assets/sprites_16bf/world_24x24/oryx_16bit_fantasy_world_625.png,world_24x24,102,140,161,0.9586
src/Presentation/assets/sprites_16bf/world_24x24/oryx_16bit_fantasy_world_626.png,world_24x24,82,117,135,0.9663
src/Presentation/assets/sprites_16bf/world_24x24/oryx_16bit_fantasy_world_629.png,world_24x24,11,15,22,0.6684
src/Presentation/assets/sprites_16bf/world_24x24/oryx_16bit_fantasy_world_63.png,world_24x24,4,4,8,0.7066
src/Presentation/assets/sprites_16bf/world_24x24/oryx_16bit_fantasy_world_630.png,world_24x24,18,31,47,0.7778
src/Presentation/assets/sprites_16bf/world_24x24/oryx_16bit_fantasy_world_631.png,world_24x24,30,52,75,0.8438
src/Presentation/assets/sprites_16bf/world_24x24/oryx_16bit_fantasy_world_632.png,world_24x24,2,2,4,0.2865
src/Presentation/assets/sprites_16bf/world_24x24/oryx_16bit_fantasy_world_633.png,world_24x24,4,6,9,0.5208
src/Presentation/assets/sprites_16bf/world_24x24/oryx_16bit_fantasy_world_634.png,world_24x24,10,15,24,0.474
src/Presentation/assets/sprites_16bf/world_24x24/oryx_16bit_fantasy_world_635.png,world_24x24,4,6,9,0.5208
src/Presentation/assets/sprites_16bf/world_24x24/oryx_16bit_fantasy_world_636.png,world_24x24,10,10,16,0.6294
src/Presentation/assets/sprites_16bf/world_24x24/oryx_16bit_fantasy_world_637.png,world_24x24,15,15,23,0.408
src/Presentation/assets/sprites_16bf/world_24x24/oryx_16bit_fantasy_world_638.png,world_24x24,9,13,21,0.7378
src/Presentation/assets/sprites_16bf/world_24x24/oryx_16bit_fantasy_world_639.png,world_24x24,11,14,21,0.625
src/Presentation/assets/sprites_16bf/world_24x24/oryx_16bit_fantasy_world_64.png,world_24x24,10,15,24,0.474
src/Presentation/assets/sprites_16bf/world_24x24/oryx_16bit_fantasy_world_640.png,world_24x24,2,4,12,0.5486
src/Presentation/assets/sprites_16bf/world_24x24/oryx_16bit_fantasy_world_641.png,world_24x24,8,10,18,0.625
src/Presentation/assets/sprites_16bf/world_24x24/oryx_16bit_fantasy_world_642.png,world_24x24,10,12,18,0.5278
src/Presentation/assets/sprites_16bf/world_24x24/oryx_16bit_fantasy_world_643.png,world_24x24,6,8,13,0.3889
src/Presentation/assets/sprites_16bf/world_24x24/oryx_16bit_fantasy_world_644.png,world_24x24,4,6,12,0.5608
src/Presentation/assets/sprites_16bf/world_24x24/oryx_16bit_fantasy_world_645.png,world_24x24,9,15,23,0.467
src/Presentation/assets/sprites_16bf/world_24x24/oryx_16bit_fantasy_world_646.png,world_24x24,6,8,17,0.4531
src/Presentation/assets/sprites_16bf/world_24x24/oryx_16bit_fantasy_world_647.png,world_24x24,6,9,16,0.4948
src/Presentation/assets/sprites_16bf/world_24x24/oryx_16bit_fantasy_world_648.png,world_24x24,6,9,16,0.4931
src/Presentation/assets/sprites_16bf/world_24x24/oryx_16bit_fantasy_world_649.png,world_24x24,23,61,74,0.559
src/Presentation/assets/sprites_16bf/world_24x24/oryx_16bit_fantasy_world_65.png,world_24x24,0,0,17,0.7778
src/Presentation/assets/sprites_16bf/world_24x24/oryx_16bit_fantasy_world_650.png,world_24x24,23,57,69,0.6267
src/Presentation/assets/sprites_16bf/world_24x24/oryx_16bit_fantasy_world_651.png,world_24x24,22,57,67,0.6042
src/Presentation/assets/sprites_16bf/world_24x24/oryx_16bit_fantasy_world_652.png,world_24x24,23,60,70,0.6059
src/Presentation/assets/sprites_16bf/world_24x24/oryx_16bit_fantasy_world_653.png,world_24x24,23,66,77,0.6597
src/Presentation/assets/sprites_16bf/world_24x24/oryx_16bit_fantasy_world_654.png,world_24x24,31,52,67,0.6354
src/Presentation/assets/sprites_16bf/world_24x24/oryx_16bit_fantasy_world_655.png,world_24x24,34,50,68,0.724
src/Presentation/assets/sprites_16bf/world_24x24/oryx_16bit_fantasy_world_657.png,world_24x24,24,31,36,0.5078
src/Presentation/assets/sprites_16bf/world_24x24/oryx_16bit_fantasy_world_658.png,world_24x24,24,31,36,0.5078
src/Presentation/assets/sprites_16bf/world_24x24/oryx_16bit_fantasy_world_659.png,world_24x24,19,31,37,0.582
src/Presentation/assets/sprites_16bf/world_24x24/oryx_16bit_fantasy_world_66.png,world_24x24,4,4,10,0.6157
src/Presentation/assets/sprites_16bf/world_24x24/oryx_16bit_fantasy_world_660.png,world_24x24,20,29,36,0.6094
src/Presentation/assets/sprites_16bf/world_24x24/oryx_16bit_fantasy_world_661.png,world_24x24,31,44,49,0.7177
src/Presentation/assets/sprites_16bf/world_24x24/oryx_16bit_fantasy_world_662.png,world_24x24,53,63,72,0.6966
src/Presentation/assets/sprites_16bf/world_24x24/oryx_16bit_fantasy_world_67.png,world_24x24,4,4,12,0.3854
src/Presentation/assets/sprites_16bf/world_24x24/oryx_16bit_fantasy_world_672.png,world_24x24,95,134,159,0.9582
src/Presentation/assets/sprites_16bf/world_24x24/oryx_16bit_fantasy_world_673.png,world_24x24,117,170,203,0.9536
src/Presentation/assets/sprites_16bf/world_24x24/oryx_16bit_fantasy_world_674.png,world_24x24,88,130,154,0.9606
src/Presentation/assets/sprites_16bf/world_24x24/oryx_16bit_fantasy_world_675.png,world_24x24,35,53,66,0.7372
src/Presentation/assets/sprites_16bf/world_24x24/oryx_16bit_fantasy_world_676.png,world_24x24,44,58,78,0.7353
src/Presentation/assets/sprites_16bf/world_24x24/oryx_16bit_fantasy_world_677.png,world_24x24,35,53,66,0.7372
src/Presentation/assets/sprites_16bf/world_24x24/oryx_16bit_fantasy_world_678.png,world_24x24,11,39,53,0.6696
src/Presentation/assets/sprites_16bf/world_24x24/oryx_16bit_fantasy_world_679.png,world_24x24,10,44,62,0.6281
src/Presentation/assets/sprites_16bf/world_24x24/oryx_16bit_fantasy_world_68.png,world_24x24,5,5,11,0.5503
src/Presentation/assets/sprites_16bf/world_24x24/oryx_16bit_fantasy_world_680.png,world_24x24,12,43,54,0.6139
src/Presentation/assets/sprites_16bf/world_24x24/oryx_16bit_fantasy_world_681.png,world_24x24,95,134,159,0.9582
src/Presentation/assets/sprites_16bf/world_24x24/oryx_16bit_fantasy_world_682.png,world_24x24,117,170,203,0.9536
src/Presentation/assets/sprites_16bf/world_24x24/oryx_16bit_fantasy_world_683.png,world_24x24,87,129,153,0.9606
src/Presentation/assets/sprites_16bf/world_24x24/oryx_16bit_fantasy_world_686.png,world_24x24,11,11,16,0.4878
src/Presentation/assets/sprites_16bf/world_24x24/oryx_16bit_fantasy_world_687.png,world_24x24,19,28,40,0.6285
src/Presentation/assets/sprites_16bf/world_24x24/oryx_16bit_fantasy_world_688.png,world_24x24,25,43,60,0.7101
src/Presentation/assets/sprites_16bf/world_24x24/oryx_16bit_fantasy_world_689.png,world_24x24,13,15,17,0.3229
src/Presentation/assets/sprites_16bf/world_24x24/oryx_16bit_fantasy_world_69.png,world_24x24,0,0,5,0.4601
src/Presentation/assets/sprites_16bf/world_24x24/oryx_16bit_fantasy_world_690.png,world_24x24,20,20,21,0.1076
src/Presentation/assets/sprites_16bf/world_24x24/oryx_16bit_fantasy_world_691.png,world_24x24,19,19,20,0.1024
src/Presentation/assets/sprites_16bf/world_24x24/oryx_16bit_fantasy_world_692.png,world_24x24,0,0,1,0.0
src/Presentation/assets/sprites_16bf/world_24x24/oryx_16bit_fantasy_world_693.png,world_24x24,16,16,22,0.6392
src/Presentation/assets/sprites_16bf/world_24x24/oryx_16bit_fantasy_world_694.png,world_24x24,13,13,21,0.408
src/Presentation/assets/sprites_16bf/world_24x24/oryx_16bit_fantasy_world_695.png,world_24x24,11,11,17,0.5625
src/Presentation/assets/sprites_16bf/world_24x24/oryx_16bit_fantasy_world_696.png,world_24x24,11,11,17,0.4913
src/Presentation/assets/sprites_16bf/world_24x24/oryx_16bit_fantasy_world_697.png,world_24x24,4,4,11,0.3802
src/Presentation/assets/sprites_16bf/world_24x24/oryx_16bit_fantasy_world_698.png,world_24x24,18,22,29,0.5521
src/Presentation/assets/sprites_16bf/world_24x24/oryx_16bit_fantasy_world_699.png,world_24x24,19,19,23,0.4358
src/Presentation/assets/sprites_16bf/world_24x24/oryx_16bit_fantasy_world_70.png,world_24x24,0,0,6,0.375
src/Presentation/assets/sprites_16bf/world_24x24/oryx_16bit_fantasy_world_700.png,world_24x24,6,6,11,0.3438
src/Presentation/assets/sprites_16bf/world_24x24/oryx_16bit_fantasy_world_701.png,world_24x24,8,8,14,0.5087
src/Presentation/assets/sprites_16bf/world_24x24/oryx_16bit_fantasy_world_702.png,world_24x24,13,15,21,0.3924
src/Presentation/assets/sprites_16bf/world_24x24/oryx_16bit_fantasy_world_703.png,world_24x24,14,14,20,0.3438
src/Presentation/assets/sprites_16bf/world_24x24/oryx_16bit_fantasy_world_704.png,world_24x24,8,8,14,0.4549
src/Presentation/assets/sprites_16bf/world_24x24/oryx_16bit_fantasy_world_705.png,world_24x24,12,13,20,0.4757
src/Presentation/assets/sprites_16bf/world_24x24/oryx_16bit_fantasy_world_706.png,world_24x24,12,12,21,0.276
src/Presentation/assets/sprites_16bf/world_24x24/oryx_16bit_fantasy_world_707.png,world_24x24,13,13,21,0.2934
src/Presentation/assets/sprites_16bf/world_24x24/oryx_16bit_fantasy_world_708.png,world_24x24,18,21,28,0.3872
src/Presentation/assets/sprites_16bf/world_24x24/oryx_16bit_fantasy_world_709.png,world_24x24,14,18,25,0.3681
src/Presentation/assets/sprites_16bf/world_24x24/oryx_16bit_fantasy_world_71.png,world_24x24,5,5,10,0.4653
src/Presentation/assets/sprites_16bf/world_24x24/oryx_16bit_fantasy_world_710.png,world_24x24,13,14,22,0.4115
src/Presentation/assets/sprites_16bf/world_24x24/oryx_16bit_fantasy_world_711.png,world_24x24,31,53,68,0.6302
src/Presentation/assets/sprites_16bf/world_24x24/oryx_16bit_fantasy_world_712.png,world_24x24,38,53,67,0.6597
src/Presentation/assets/sprites_16bf/world_24x24/oryx_16bit_fantasy_world_72.png,world_24x24,5,5,9,0.3906
src/Presentation/assets/sprites_16bf/world_24x24/oryx_16bit_fantasy_world_729.png,world_24x24,77,113,135,0.9655
src/Presentation/assets/sprites_16bf/world_24x24/oryx_16bit_fantasy_world_73.png,world_24x24,0,0,5,0.3333
src/Presentation/assets/sprites_16bf/world_24x24/oryx_16bit_fantasy_world_730.png,world_24x24,83,126,154,0.9602
src/Presentation/assets/sprites_16bf/world_24x24/oryx_16bit_fantasy_world_731.png,world_24x24,72,107,129,0.963
src/Presentation/assets/sprites_16bf/world_24x24/oryx_16bit_fantasy_world_732.png,world_24x24,30,52,62,0.7481
src/Presentation/assets/sprites_16bf/world_24x24/oryx_16bit_fantasy_world_733.png,world_24x24,34,56,70,0.7533
src/Presentation/assets/sprites_16bf/world_24x24/oryx_16bit_fantasy_world_734.png,world_24x24,30,52,62,0.7481
src/Presentation/assets/sprites_16bf/world_24x24/oryx_16bit_fantasy_world_735.png,world_24x24,15,43,52,0.6714
src/Presentation/assets/sprites_16bf/world_24x24/oryx_16bit_fantasy_world_736.png,world_24x24,17,47,58,0.6421
src/Presentation/assets/sprites_16bf/world_24x24/oryx_16bit_fantasy_world_737.png,world_24x24,15,42,51,0.631
src/Presentation/assets/sprites_16bf/world_24x24/oryx_16bit_fantasy_world_738.png,world_24x24,77,113,135,0.9655
src/Presentation/assets/sprites_16bf/world_24x24/oryx_16bit_fantasy_world_739.png,world_24x24,83,126,154,0.9602
src/Presentation/assets/sprites_16bf/world_24x24/oryx_16bit_fantasy_world_74.png,world_24x24,0,0,6,0.4931
src/Presentation/assets/sprites_16bf/world_24x24/oryx_16bit_fantasy_world_740.png,world_24x24,71,106,128,0.9629
src/Presentation/assets/sprites_16bf/world_24x24/oryx_16bit_fantasy_world_743.png,world_24x24,65,102,115,0.8003
src/Presentation/assets/sprites_16bf/world_24x24/oryx_16bit_fantasy_world_744.png,world_24x24,82,121,137,0.8333
src/Presentation/assets/sprites_16bf/world_24x24/oryx_16bit_fantasy_world_745.png,world_24x24,91,136,156,0.875
src/Presentation/assets/sprites_16bf/world_24x24/oryx_16bit_fantasy_world_746.png,world_24x24,4,6,9,0.5208
src/Presentation/assets/sprites_16bf/world_24x24/oryx_16bit_fantasy_world_747.png,world_24x24,61,97,106,0.8229
src/Presentation/assets/sprites_16bf/world_24x24/oryx_16bit_fantasy_world_748.png,world_24x24,20,34,38,0.7552
src/Presentation/assets/sprites_16bf/world_24x24/oryx_16bit_fantasy_world_749.png,world_24x24,20,44,49,0.8108
src/Presentation/assets/sprites_16bf/world_24x24/oryx_16bit_fantasy_world_75.png,world_24x24,0,0,6,0.3194
src/Presentation/assets/sprites_16bf/world_24x24/oryx_16bit_fantasy_world_750.png,world_24x24,39,57,73,0.8275
src/Presentation/assets/sprites_16bf/world_24x24/oryx_16bit_fantasy_world_751.png,world_24x24,38,52,65,0.5087
src/Presentation/assets/sprites_16bf/world_24x24/oryx_16bit_fantasy_world_752.png,world_24x24,64,99,113,0.8559
src/Presentation/assets/sprites_16bf/world_24x24/oryx_16bit_fantasy_world_753.png,world_24x24,46,74,95,0.8507
src/Presentation/assets/sprites_16bf/world_24x24/oryx_16bit_fantasy_world_754.png,world_24x24,70,105,121,0.7726
src/Presentation/assets/sprites_16bf/world_24x24/oryx_16bit_fantasy_world_755.png,world_24x24,62,95,117,0.8715
src/Presentation/assets/sprites_16bf/world_24x24/oryx_16bit_fantasy_world_756.png,world_24x24,91,120,139,0.816
src/Presentation/assets/sprites_16bf/world_24x24/oryx_16bit_fantasy_world_757.png,world_24x24,82,113,127,0.7326
src/Presentation/assets/sprites_16bf/world_24x24/oryx_16bit_fantasy_world_758.png,world_24x24,80,105,124,0.8247
src/Presentation/assets/sprites_16bf/world_24x24/oryx_16bit_fantasy_world_759.png,world_24x24,92,115,126,0.691
src/Presentation/assets/sprites_16bf/world_24x24/oryx_16bit_fantasy_world_76.png,world_24x24,5,5,11,0.3247
src/Presentation/assets/sprites_16bf/world_24x24/oryx_16bit_fantasy_world_760.png,world_24x24,59,88,104,0.7448
src/Presentation/assets/sprites_16bf/world_24x24/oryx_16bit_fantasy_world_761.png,world_24x24,91,112,131,0.7622
src/Presentation/assets/sprites_16bf/world_24x24/oryx_16bit_fantasy_world_762.png,world_24x24,54,90,115,0.8073
src/Presentation/assets/sprites_16bf/world_24x24/oryx_16bit_fantasy_world_763.png,world_24x24,59,91,114,0.7309
src/Presentation/assets/sprites_16bf/world_24x24/oryx_16bit_fantasy_world_764.png,world_24x24,56,85,104,0.7257
src/Presentation/assets/sprites_16bf/world_24x24/oryx_16bit_fantasy_world_765.png,world_24x24,51,81,105,0.7569
src/Presentation/assets/sprites_16bf/world_24x24/oryx_16bit_fantasy_world_766.png,world_24x24,58,94,122,0.783
src/Presentation/assets/sprites_16bf/world_24x24/oryx_16bit_fantasy_world_767.png,world_24x24,65,95,116,0.7569
src/Presentation/assets/sprites_16bf/world_24x24/oryx_16bit_fantasy_world_768.png,world_24x24,52,76,93,0.6771
src/Presentation/assets/sprites_16bf/world_24x24/oryx_16bit_fantasy_world_769.png,world_24x24,68,81,98,0.6997
src/Presentation/assets/sprites_16bf/world_24x24/oryx_16bit_fantasy_world_77.png,world_24x24,1,1,7,0.434
src/Presentation/assets/sprites_16bf/world_24x24/oryx_16bit_fantasy_world_771.png,world_24x24,0,0,1,0.0
src/Presentation/assets/sprites_16bf/world_24x24/oryx_16bit_fantasy_world_772.png,world_24x24,1,13,14,0.1667
src/Presentation/assets/sprites_16bf/world_24x24/oryx_16bit_fantasy_world_773.png,world_24x24,0,12,13,0.1597
src/Presentation/assets/sprites_16bf/world_24x24/oryx_16bit_fantasy_world_774.png,world_24x24,0,12,13,0.1597
src/Presentation/assets/sprites_16bf/world_24x24/oryx_16bit_fantasy_world_775.png,world_24x24,73,107,140,0.9757
src/Presentation/assets/sprites_16bf/world_24x24/oryx_16bit_fantasy_world_776.png,world_24x24,4,25,41,0.5312
src/Presentation/assets/sprites_16bf/world_24x24/oryx_16bit_fantasy_world_777.png,world_24x24,1,13,14,0.1667
src/Presentation/assets/sprites_16bf/world_24x24/oryx_16bit_fantasy_world_778.png,world_24x24,52,61,62,0.4358
src/Presentation/assets/sprites_16bf/world_24x24/oryx_16bit_fantasy_world_779.png,world_24x24,52,61,62,0.4358
src/Presentation/assets/sprites_16bf/world_24x24/oryx_16bit_fantasy_world_78.png,world_24x24,1,1,7,0.434
src/Presentation/assets/sprites_16bf/world_24x24/oryx_16bit_fantasy_world_780.png,world_24x24,12,14,22,0.5938
src/Presentation/assets/sprites_16bf/world_24x24/oryx_16bit_fantasy_world_781.png,world_24x24,19,22,39,0.6424
src/Presentation/assets/sprites_16bf/world_24x24/oryx_16bit_fantasy_world_782.png,world_24x24,9,18,22,0.1892
src/Presentation/assets/sprites_16bf/world_24x24/oryx_16bit_fantasy_world_783.png,world_24x24,20,34,36,0.2622
src/Presentation/assets/sprites_16bf/world_24x24/oryx_16bit_fantasy_world_784.png,world_24x24,22,37,40,0.2743
src/Presentation/assets/sprites_16bf/world_24x24/oryx_16bit_fantasy_world_786.png,world_24x24,25,31,34,0.9385
src/Presentation/assets/sprites_16bf/world_24x24/oryx_16bit_fantasy_world_787.png,world_24x24,46,63,68,0.9542
src/Presentation/assets/sprites_16bf/world_24x24/oryx_16bit_fantasy_world_788.png,world_24x24,21,32,34,0.9697
src/Presentation/assets/sprites_16bf/world_24x24/oryx_16bit_fantasy_world_789.png,world_24x24,7,12,14,0.6866
src/Presentation/assets/sprites_16bf/world_24x24/oryx_16bit_fantasy_world_79.png,world_24x24,2,2,11,0.2535
src/Presentation/assets/sprites_16bf/world_24x24/oryx_16bit_fantasy_world_790.png,world_24x24,14,24,28,0.6866
src/Presentation/assets/sprites_16bf/world_24x24/oryx_16bit_fantasy_world_791.png,world_24x24,7,12,14,0.6866
src/Presentation/assets/sprites_16bf/world_24x24/oryx_16bit_fantasy_world_792.png,world_24x24,1,7,11,0.7027
src/Presentation/assets/sprites_16bf/world_24x24/oryx_16bit_fantasy_world_793.png,world_24x24,5,22,27,0.6443
src/Presentation/assets/sprites_16bf/world_24x24/oryx_16bit_fantasy_world_794.png,world_24x24,4,15,16,0.5867
src/Presentation/assets/sprites_16bf/world_24x24/oryx_16bit_fantasy_world_795.png,world_24x24,25,31,34,0.9385
src/Presentation/assets/sprites_16bf/world_24x24/oryx_16bit_fantasy_world_796.png,world_24x24,46,63,68,0.9542
src/Presentation/assets/sprites_16bf/world_24x24/oryx_16bit_fantasy_world_797.png,world_24x24,21,32,34,0.9697
src/Presentation/assets/sprites_16bf/world_24x24/oryx_16bit_fantasy_world_80.png,world_24x24,0,0,8,0.2535
src/Presentation/assets/sprites_16bf/world_24x24/oryx_16bit_fantasy_world_800.png,world_24x24,5,8,14,0.5156
src/Presentation/assets/sprites_16bf/world_24x24/oryx_16bit_fantasy_world_801.png,world_24x24,12,25,38,0.6372
src/Presentation/assets/sprites_16bf/world_24x24/oryx_16bit_fantasy_world_802.png,world_24x24,17,39,56,0.7361
src/Presentation/assets/sprites_16bf/world_24x24/oryx_16bit_fantasy_world_803.png,world_24x24,8,8,10,0.3125
src/Presentation/assets/sprites_16bf/world_24x24/oryx_16bit_fantasy_world_804.png,world_24x24,20,20,21,0.1076
src/Presentation/assets/sprites_16bf/world_24x24/oryx_16bit_fantasy_world_805.png,world_24x24,58,59,64,0.559
src/Presentation/assets/sprites_16bf/world_24x24/oryx_16bit_fantasy_world_806.png,world_24x24,44,44,47,0.4861
src/Presentation/assets/sprites_16bf/world_24x24/oryx_16bit_fantasy_world_807.png,world_24x24,9,29,33,0.5238
src/Presentation/assets/sprites_16bf/world_24x24/oryx_16bit_fantasy_world_808.png,world_24x24,9,17,19,0.3073
src/Presentation/assets/sprites_16bf/world_24x24/oryx_16bit_fantasy_world_809.png,world_24x24,13,16,22,0.5243
src/Presentation/assets/sprites_16bf/world_24x24/oryx_16bit_fantasy_world_81.png,world_24x24,1,1,8,0.2934
src/Presentation/assets/sprites_16bf/world_24x24/oryx_16bit_fantasy_world_810.png,world_24x24,14,18,25,0.4913
src/Presentation/assets/sprites_16bf/world_24x24/oryx_16bit_fantasy_world_811.png,world_24x24,9,12,20,0.4132
src/Presentation/assets/sprites_16bf/world_24x24/oryx_16bit_fantasy_world_812.png,world_24x24,20,26,35,0.5226
src/Presentation/assets/sprites_16bf/world_24x24/oryx_16bit_fantasy_world_813.png,world_24x24,14,18,25,0.4635
src/Presentation/assets/sprites_16bf/world_24x24/oryx_16bit_fantasy_world_814.png,world_24x24,9,9,14,0.3507
src/Presentation/assets/sprites_16bf/world_24x24/oryx_16bit_fantasy_world_815.png,world_24x24,13,15,19,0.474
src/Presentation/assets/sprites_16bf/world_24x24/oryx_16bit_fantasy_world_816.png,world_24x24,9,14,22,0.3802
src/Presentation/assets/sprites_16bf/world_24x24/oryx_16bit_fantasy_world_817.png,world_24x24,12,20,29,0.4219
src/Presentation/assets/sprites_16bf/world_24x24/oryx_16bit_fantasy_world_818.png,world_24x24,12,16,20,0.401
src/Presentation/assets/sprites_16bf/world_24x24/oryx_16bit_fantasy_world_819.png,world_24x24,17,22,26,0.4514
src/Presentation/assets/sprites_16bf/world_24x24/oryx_16bit_fantasy_world_82.png,world_24x24,1,1,8,0.2934
src/Presentation/assets/sprites_16bf/world_24x24/oryx_16bit_fantasy_world_820.png,world_24x24,12,18,25,0.3003
src/Presentation/assets/sprites_16bf/world_24x24/oryx_16bit_fantasy_world_821.png,world_24x24,8,17,27,0.3906
src/Presentation/assets/sprites_16bf/world_24x24/oryx_16bit_fantasy_world_822.png,world_24x24,16,22,31,0.4201
src/Presentation/assets/sprites_16bf/world_24x24/oryx_16bit_fantasy_world_823.png,world_24x24,13,16,23,0.3611
src/Presentation/assets/sprites_16bf/world_24x24/oryx_16bit_fantasy_world_824.png,world_24x24,17,23,27,0.3663
src/Presentation/assets/sprites_16bf/world_24x24/oryx_16bit_fantasy_world_825.png,world_24x24,32,54,68,0.6354
src/Presentation/assets/sprites_16bf/world_24x24/oryx_16bit_fantasy_world_826.png,world_24x24,42,76,94,0.691
src/Presentation/assets/sprites_16bf/world_24x24/oryx_16bit_fantasy_world_828.png,world_24x24,207,216,239,0.9253
src/Presentation/assets/sprites_16bf/world_24x24/oryx_16bit_fantasy_world_829.png,world_24x24,207,216,239,0.9253
src/Presentation/assets/sprites_16bf/world_24x24/oryx_16bit_fantasy_world_83.png,world_24x24,2,2,9,0.375
src/Presentation/assets/sprites_16bf/world_24x24/oryx_16bit_fantasy_world_830.png,world_24x24,207,216,239,0.9253
src/Presentation/assets/sprites_16bf/world_24x24/oryx_16bit_fantasy_world_831.png,world_24x24,207,216,239,0.9253
src/Presentation/assets/sprites_16bf/world_24x24/oryx_16bit_fantasy_world_832.png,world_24x24,207,216,239,0.9253
src/Presentation/assets/sprites_16bf/world_24x24/oryx_16bit_fantasy_world_833.png,world_24x24,207,216,239,0.9253
src/Presentation/assets/sprites_16bf/world_24x24/oryx_16bit_fantasy_world_834.png,world_24x24,207,216,239,0.9253
src/Presentation/assets/sprites_16bf/world_24x24/oryx_16bit_fantasy_world_835.png,world_24x24,207,216,239,0.9253
src/Presentation/assets/sprites_16bf/world_24x24/oryx_16bit_fantasy_world_836.png,world_24x24,4,24,32,0.0
src/Presentation/assets/sprites_16bf/world_24x24/oryx_16bit_fantasy_world_837.png,world_24x24,12,14,22,0.5938
src/Presentation/assets/sprites_16bf/world_24x24/oryx_16bit_fantasy_world_838.png,world_24x24,19,22,39,0.6424
src/Presentation/assets/sprites_16bf/world_24x24/oryx_16bit_fantasy_world_839.png,world_24x24,9,18,22,0.1892
src/Presentation/assets/sprites_16bf/world_24x24/oryx_16bit_fantasy_world_84.png,world_24x24,33,55,70,0.6372
src/Presentation/assets/sprites_16bf/world_24x24/oryx_16bit_fantasy_world_840.png,world_24x24,20,34,36,0.2622
src/Presentation/assets/sprites_16bf/world_24x24/oryx_16bit_fantasy_world_841.png,world_24x24,22,37,40,0.2743
src/Presentation/assets/sprites_16bf/world_24x24/oryx_16bit_fantasy_world_843.png,world_24x24,15,27,33,0.9651
src/Presentation/assets/sprites_16bf/world_24x24/oryx_16bit_fantasy_world_844.png,world_24x24,27,49,61,0.9593
src/Presentation/assets/sprites_16bf/world_24x24/oryx_16bit_fantasy_world_845.png,world_24x24,12,22,28,0.9535
src/Presentation/assets/sprites_16bf/world_24x24/oryx_16bit_fantasy_world_846.png,world_24x24,6,15,18,0.7802
src/Presentation/assets/sprites_16bf/world_24x24/oryx_16bit_fantasy_world_847.png,world_24x24,12,30,36,0.7802
src/Presentation/assets/sprites_16bf/world_24x24/oryx_16bit_fantasy_world_848.png,world_24x24,6,15,18,0.7802
src/Presentation/assets/sprites_16bf/world_24x24/oryx_16bit_fantasy_world_849.png,world_24x24,6,12,15,0.7195
src/Presentation/assets/sprites_16bf/world_24x24/oryx_16bit_fantasy_world_85.png,world_24x24,41,55,69,0.6562
src/Presentation/assets/sprites_16bf/world_24x24/oryx_16bit_fantasy_world_850.png,world_24x24,9,21,26,0.6524
src/Presentation/assets/sprites_16bf/world_24x24/oryx_16bit_fantasy_world_851.png,world_24x24,3,9,11,0.5854
src/Presentation/assets/sprites_16bf/world_24x24/oryx_16bit_fantasy_world_852.png,world_24x24,15,27,33,0.9651
src/Presentation/assets/sprites_16bf/world_24x24/oryx_16bit_fantasy_world_853.png,world_24x24,27,49,61,0.9593
src/Presentation/assets/sprites_16bf/world_24x24/oryx_16bit_fantasy_world_854.png,world_24x24,12,22,28,0.9535
src/Presentation/assets/sprites_16bf/world_24x24/oryx_16bit_fantasy_world_857.png,world_24x24,84,84,87,0.6007
src/Presentation/assets/sprites_16bf/world_24x24/oryx_16bit_fantasy_world_858.png,world_24x24,105,111,122,0.7726
src/Presentation/assets/sprites_16bf/world_24x24/oryx_16bit_fantasy_world_859.png,world_24x24,118,130,145,0.8299
src/Presentation/assets/sprites_16bf/world_24x24/oryx_16bit_fantasy_world_860.png,world_24x24,20,127,151,0.9583
src/Presentation/assets/sprites_16bf/world_24x24/oryx_16bit_fantasy_world_861.png,world_24x24,19,106,122,0.8281
src/Presentation/assets/sprites_16bf/world_24x24/oryx_16bit_fantasy_world_862.png,world_24x24,15,74,83,0.6042
src/Presentation/assets/sprites_16bf/world_24x24/oryx_16bit_fantasy_world_863.png,world_24x24,57,171,195,0.967
src/Presentation/assets/sprites_16bf/world_24x24/oryx_16bit_fantasy_world_864.png,world_24x24,39,57,74,0.7743
src/Presentation/assets/sprites_16bf/world_24x24/oryx_16bit_fantasy_world_865.png,world_24x24,38,52,65,0.5087
src/Presentation/assets/sprites_16bf/world_24x24/oryx_16bit_fantasy_world_866.png,world_24x24,92,92,95,0.6198
src/Presentation/assets/sprites_16bf/world_24x24/oryx_16bit_fantasy_world_867.png,world_24x24,102,102,107,0.5729
src/Presentation/assets/sprites_16bf/world_24x24/oryx_16bit_fantasy_world_868.png,world_24x24,114,114,119,0.5365
src/Presentation/assets/sprites_16bf/world_24x24/oryx_16bit_fantasy_world_869.png,world_24x24,101,101,105,0.5955
src/Presentation/assets/sprites_16bf/world_24x24/oryx_16bit_fantasy_world_87.png,world_24x24,7,19,29,0.6041
src/Presentation/assets/sprites_16bf/world_24x24/oryx_16bit_fantasy_world_870.png,world_24x24,122,133,137,0.7014
src/Presentation/assets/sprites_16bf/world_24x24/oryx_16bit_fantasy_world_871.png,world_24x24,131,140,146,0.6753
src/Presentation/assets/sprites_16bf/world_24x24/oryx_16bit_fantasy_world_872.png,world_24x24,116,120,123,0.6615
src/Presentation/assets/sprites_16bf/world_24x24/oryx_16bit_fantasy_world_873.png,world_24x24,127,136,140,0.6319
src/Presentation/assets/sprites_16bf/world_24x24/oryx_16bit_fantasy_world_874.png,world_24x24,102,108,113,0.6007
src/Presentation/assets/sprites_16bf/world_24x24/oryx_16bit_fantasy_world_875.png,world_24x24,81,83,87,0.5312
src/Presentation/assets/sprites_16bf/world_24x24/oryx_16bit_fantasy_world_876.png,world_24x24,89,90,95,0.5278
src/Presentation/assets/sprites_16bf/world_24x24/oryx_16bit_fantasy_world_877.png,world_24x24,102,108,111,0.4479
src/Presentation/assets/sprites_16bf/world_24x24/oryx_16bit_fantasy_world_878.png,world_24x24,111,117,121,0.533
src/Presentation/assets/sprites_16bf/world_24x24/oryx_16bit_fantasy_world_879.png,world_24x24,104,108,112,0.5399
src/Presentation/assets/sprites_16bf/world_24x24/oryx_16bit_fantasy_world_88.png,world_24x24,23,41,53,0.5746
src/Presentation/assets/sprites_16bf/world_24x24/oryx_16bit_fantasy_world_880.png,world_24x24,98,102,106,0.5139
src/Presentation/assets/sprites_16bf/world_24x24/oryx_16bit_fantasy_world_881.png,world_24x24,114,116,120,0.5087
src/Presentation/assets/sprites_16bf/world_24x24/oryx_16bit_fantasy_world_882.png,world_24x24,95,106,114,0.7934
src/Presentation/assets/sprites_16bf/world_24x24/oryx_16bit_fantasy_world_883.png,world_24x24,109,111,121,0.7031
src/Presentation/assets/sprites_16bf/world_24x24/oryx_16bit_fantasy_world_89.png,world_24x24,15,26,37,0.7616
src/Presentation/assets/sprites_16bf/world_24x24/oryx_16bit_fantasy_world_90.png,world_24x24,66,82,86,0.9609
src/Presentation/assets/sprites_16bf/world_24x24/oryx_16bit_fantasy_world_91.png,world_24x24,46,59,64,0.9645
src/Presentation/assets/sprites_16bf/world_24x24/oryx_16bit_fantasy_world_914.png,world_24x24,34,43,55,0.8073
src/Presentation/assets/sprites_16bf/world_24x24/oryx_16bit_fantasy_world_915.png,world_24x24,52,71,88,0.8455
src/Presentation/assets/sprites_16bf/world_24x24/oryx_16bit_fantasy_world_916.png,world_24x24,60,94,114,0.8733
src/Presentation/assets/sprites_16bf/world_24x24/oryx_16bit_fantasy_world_917.png,world_24x24,20,127,151,0.9583
src/Presentation/assets/sprites_16bf/world_24x24/oryx_16bit_fantasy_world_918.png,world_24x24,19,106,122,0.8281
src/Presentation/assets/sprites_16bf/world_24x24/oryx_16bit_fantasy_world_919.png,world_24x24,15,74,83,0.6042
src/Presentation/assets/sprites_16bf/world_24x24/oryx_16bit_fantasy_world_92.png,world_24x24,53,65,75,0.975
src/Presentation/assets/sprites_16bf/world_24x24/oryx_16bit_fantasy_world_920.png,world_24x24,57,171,195,0.967
src/Presentation/assets/sprites_16bf/world_24x24/oryx_16bit_fantasy_world_921.png,world_24x24,44,120,134,0.8851
src/Presentation/assets/sprites_16bf/world_24x24/oryx_16bit_fantasy_world_922.png,world_24x24,50,114,123,0.5868
src/Presentation/assets/sprites_16bf/world_24x24/oryx_16bit_fantasy_world_923.png,world_24x24,25,33,45,0.7448
src/Presentation/assets/sprites_16bf/world_24x24/oryx_16bit_fantasy_world_924.png,world_24x24,31,39,48,0.6736
src/Presentation/assets/sprites_16bf/world_24x24/oryx_16bit_fantasy_world_925.png,world_24x24,69,83,105,0.816
src/Presentation/assets/sprites_16bf/world_24x24/oryx_16bit_fantasy_world_926.png,world_24x24,41,50,65,0.7795
src/Presentation/assets/sprites_16bf/world_24x24/oryx_16bit_fantasy_world_927.png,world_24x24,41,51,67,0.7969
src/Presentation/assets/sprites_16bf/world_24x24/oryx_16bit_fantasy_world_928.png,world_24x24,43,51,71,0.783
src/Presentation/assets/sprites_16bf/world_24x24/oryx_16bit_fantasy_world_929.png,world_24x24,39,48,63,0.7708
src/Presentation/assets/sprites_16bf/world_24x24/oryx_16bit_fantasy_world_93.png,world_24x24,27,40,43,0.8833
src/Presentation/assets/sprites_16bf/world_24x24/oryx_16bit_fantasy_world_930.png,world_24x24,40,48,66,0.7448
src/Presentation/assets/sprites_16bf/world_24x24/oryx_16bit_fantasy_world_931.png,world_24x24,43,51,68,0.7049
src/Presentation/assets/sprites_16bf/world_24x24/oryx_16bit_fantasy_world_932.png,world_24x24,43,50,65,0.7344
src/Presentation/assets/sprites_16bf/world_24x24/oryx_16bit_fantasy_world_933.png,world_24x24,33,36,48,0.6753
src/Presentation/assets/sprites_16bf/world_24x24/oryx_16bit_fantasy_world_934.png,world_24x24,62,67,86,0.658
src/Presentation/assets/sprites_16bf/world_24x24/oryx_16bit_fantasy_world_935.png,world_24x24,71,75,96,0.7014
src/Presentation/assets/sprites_16bf/world_24x24/oryx_16bit_fantasy_world_936.png,world_24x24,74,82,103,0.7552
src/Presentation/assets/sprites_16bf/world_24x24/oryx_16bit_fantasy_world_937.png,world_24x24,61,66,88,0.7569
src/Presentation/assets/sprites_16bf/world_24x24/oryx_16bit_fantasy_world_938.png,world_24x24,46,52,65,0.6701
src/Presentation/assets/sprites_16bf/world_24x24/oryx_16bit_fantasy_world_939.png,world_24x24,75,99,132,0.908
src/Presentation/assets/sprites_16bf/world_24x24/oryx_16bit_fantasy_world_94.png,world_24x24,92,118,126,0.9655
src/Presentation/assets/sprites_16bf/world_24x24/oryx_16bit_fantasy_world_940.png,world_24x24,79,96,123,0.8542
src/Presentation/assets/sprites_16bf/world_24x24/oryx_16bit_fantasy_world_942.png,world_24x24,0,0,1,0.0
src/Presentation/assets/sprites_16bf/world_24x24/oryx_16bit_fantasy_world_943.png,world_24x24,8,8,9,0.0556
src/Presentation/assets/sprites_16bf/world_24x24/oryx_16bit_fantasy_world_944.png,world_24x24,9,10,14,0.1323
src/Presentation/assets/sprites_16bf/world_24x24/oryx_16bit_fantasy_world_945.png,world_24x24,7,11,13,0.1135
src/Presentation/assets/sprites_16bf/world_24x24/oryx_16bit_fantasy_world_946.png,world_24x24,9,14,16,0.1243
src/Presentation/assets/sprites_16bf/world_24x24/oryx_16bit_fantasy_world_947.png,world_24x24,7,10,13,0.1131
src/Presentation/assets/sprites_16bf/world_24x24/oryx_16bit_fantasy_world_948.png,world_24x24,13,21,25,0.2343
src/Presentation/assets/sprites_16bf/world_24x24/oryx_16bit_fantasy_world_949.png,world_24x24,15,25,28,0.2309
src/Presentation/assets/sprites_16bf/world_24x24/oryx_16bit_fantasy_world_95.png,world_24x24,109,119,135,0.9365
src/Presentation/assets/sprites_16bf/world_24x24/oryx_16bit_fantasy_world_950.png,world_24x24,15,25,29,0.2326
src/Presentation/assets/sprites_16bf/world_24x24/oryx_16bit_fantasy_world_951.png,world_24x24,21,31,34,0.256
src/Presentation/assets/sprites_16bf/world_24x24/oryx_16bit_fantasy_world_952.png,world_24x24,5,15,18,0.6471
src/Presentation/assets/sprites_16bf/world_24x24/oryx_16bit_fantasy_world_953.png,world_24x24,5,13,17,0.7168
src/Presentation/assets/sprites_16bf/world_24x24/oryx_16bit_fantasy_world_954.png,world_24x24,7,17,20,0.6723
src/Presentation/assets/sprites_16bf/world_24x24/oryx_16bit_fantasy_world_955.png,world_24x24,3,11,15,0.6637
src/Presentation/assets/sprites_16bf/world_24x24/oryx_16bit_fantasy_world_956.png,world_24x24,7,21,26,0.6588
src/Presentation/assets/sprites_16bf/world_24x24/oryx_16bit_fantasy_world_957.png,world_24x24,8,22,28,0.659
src/Presentation/assets/sprites_16bf/world_24x24/oryx_16bit_fantasy_world_958.png,world_24x24,7,21,26,0.6474
src/Presentation/assets/sprites_16bf/world_24x24/oryx_16bit_fantasy_world_959.png,world_24x24,7,21,27,0.6647
src/Presentation/assets/sprites_16bf/world_24x24/oryx_16bit_fantasy_world_96.png,world_24x24,72,110,121,0.9577
src/Presentation/assets/sprites_16bf/world_24x24/oryx_16bit_fantasy_world_960.png,world_24x24,12,31,34,0.5885
src/Presentation/assets/sprites_16bf/world_24x24/oryx_16bit_fantasy_world_961.png,world_24x24,3,12,14,0.8542
src/Presentation/assets/sprites_16bf/world_24x24/oryx_16bit_fantasy_world_962.png,world_24x24,2,7,10,0.8333
src/Presentation/assets/sprites_16bf/world_24x24/oryx_16bit_fantasy_world_963.png,world_24x24,3,14,15,0.9091
src/Presentation/assets/sprites_16bf/world_24x24/oryx_16bit_fantasy_world_964.png,world_24x24,3,9,12,0.9286
src/Presentation/assets/sprites_16bf/world_24x24/oryx_16bit_fantasy_world_965.png,world_24x24,3,6,10,0.6837
src/Presentation/assets/sprites_16bf/world_24x24/oryx_16bit_fantasy_world_966.png,world_24x24,6,15,18,0.5965
src/Presentation/assets/sprites_16bf/world_24x24/oryx_16bit_fantasy_world_97.png,world_24x24,4,4,8,0.4331
src/Presentation/assets/sprites_16bf/world_24x24/oryx_16bit_fantasy_world_971.png,world_24x24,0,0,1,0.0
src/Presentation/assets/sprites_16bf/world_24x24/oryx_16bit_fantasy_world_972.png,world_24x24,0,0,1,0.0
src/Presentation/assets/sprites_16bf/world_24x24/oryx_16bit_fantasy_world_973.png,world_24x24,0,0,1,0.0
src/Presentation/assets/sprites_16bf/world_24x24/oryx_16bit_fantasy_world_974.png,world_24x24,9,9,11,0.3229
src/Presentation/assets/sprites_16bf/world_24x24/oryx_16bit_fantasy_world_975.png,world_24x24,5,7,11,0.3628
src/Presentation/assets/sprites_16bf/world_24x24/oryx_16bit_fantasy_world_976.png,world_24x24,8,9,16,0.4705
src/Presentation/assets/sprites_16bf/world_24x24/oryx_16bit_fantasy_world_977.png,world_24x24,2,2,6,0.1667
src/Presentation/assets/sprites_16bf/world_24x24/oryx_16bit_fantasy_world_978.png,world_24x24,0,0,1,0.0
src/Presentation/assets/sprites_16bf/world_24x24/oryx_16bit_fantasy_world_979.png,world_24x24,0,0,1,0.0
src/Presentation/assets/sprites_16bf/world_24x24/oryx_16bit_fantasy_world_98.png,world_24x24,4,4,8,0.4331
src/Presentation/assets/sprites_16bf/world_24x24/oryx_16bit_fantasy_world_980.png,world_24x24,64,86,104,0.9892
src/Presentation/assets/sprites_16bf/world_24x24/oryx_16bit_fantasy_world_981.png,world_24x24,60,80,99,0.9859
src/Presentation/assets/sprites_16bf/world_24x24/oryx_16bit_fantasy_world_982.png,world_24x24,64,83,103,0.9894
src/Presentation/assets/sprites_16bf/world_24x24/oryx_16bit_fantasy_world_983.png,world_24x24,62,81,100,0.9857
src/Presentation/assets/sprites_16bf/world_24x24/oryx_16bit_fantasy_world_984.png,world_24x24,20,26,32,1.0
src/Presentation/assets/sprites_16bf/world_24x24/oryx_16bit_fantasy_world_985.png,world_24x24,26,32,38,1.0
src/Presentation/assets/sprites_16bf/world_24x24/oryx_16bit_fantasy_world_986.png,world_24x24,16,17,22,1.0
src/Presentation/assets/sprites_16bf/world_24x24/oryx_16bit_fantasy_world_987.png,world_24x24,34,52,65,0.9947
src/Presentation/assets/sprites_16bf/world_24x24/oryx_16bit_fantasy_world_988.png,world_24x24,34,52,65,0.9947
src/Presentation/assets/sprites_16bf/world_24x24/oryx_16bit_fantasy_world_989.png,world_24x24,31,46,57,0.9945
src/Presentation/assets/sprites_16bf/world_24x24/oryx_16bit_fantasy_world_99.png,world_24x24,9,11,16,0.4504
src/Presentation/assets/sprites_16bf/world_24x24/oryx_16bit_fantasy_world_990.png,world_24x24,32,46,57,0.9944
src/Presentation/assets/sprites_16bf/world_24x24/oryx_16bit_fantasy_world_991.png,world_24x24,41,59,72,0.9949
src/Presentation/assets/sprites_16bf/world_24x24/oryx_16bit_fantasy_world_992.png,world_24x24,50,82,100,0.9898
src/Presentation/assets/sprites_16bf/world_24x24/oryx_16bit_fantasy_world_993.png,world_24x24,42,59,72,0.9948
src/Presentation/assets/sprites_16bf/world_24x24/oryx_16bit_fantasy_world_994.png,world_24x24,41,59,72,0.9949
src/Presentation/assets/sprites_16bf/world_24x24/oryx_16bit_fantasy_world_995.png,world_24x24,39,64,80,0.986
src/Presentation/assets/sprites_16bf/world_24x24/oryx_16bit_fantasy_world_996.png,world_24x24,53,78,94,0.9916
src/Presentation/assets/sprites_16bf/world_24x24/oryx_16bit_fantasy_world_997.png,world_24x24,31,46,48,1.0
src/Presentation/assets/sprites_16bf/world_24x24/oryx_16bit_fantasy_world_999.png,world_24x24,2,11,17,0.3167
src/Presentation/assets/sprites_16bf/creatures_24x24/oryx_16bit_fantasy_creatures_01.png,creatures_24x24,52,99,117,0.9663
src/Presentation/assets/sprites_16bf/creatures_24x24/oryx_16bit_fantasy_creatures_02.png,creatures_24x24,51,83,100,0.9216
src/Presentation/assets/sprites_16bf/creatures_24x24/oryx_16bit_fantasy_creatures_03.png,creatures_24x24,61,110,129,0.9575
src/Presentation/assets/sprites_16bf/creatures_24x24/oryx_16bit_fantasy_creatures_04.png,creatures_24x24,38,72,88,0.898
src/Presentation/assets/sprites_16bf/creatures_24x24/oryx_16bit_fantasy_creatures_05.png,creatures_24x24,57,82,102,0.9111
src/Presentation/assets/sprites_16bf/creatures_24x24/oryx_16bit_fantasy_creatures_06.png,creatures_24x24,56,100,115,0.9435
src/Presentation/assets/sprites_16bf/creatures_24x24/oryx_16bit_fantasy_creatures_07.png,creatures_24x24,37,69,86,0.9243
src/Presentation/assets/sprites_16bf/creatures_24x24/oryx_16bit_fantasy_creatures_08.png,creatures_24x24,35,69,83,0.9162
src/Presentation/assets/sprites_16bf/creatures_24x24/oryx_16bit_fantasy_creatures_09.png,creatures_24x24,48,80,104,0.9625
src/Presentation/assets/sprites_16bf/creatures_24x24/oryx_16bit_fantasy_creatures_10.png,creatures_24x24,58,109,126,0.9782
src/Presentation/assets/sprites_16bf/creatures_24x24/oryx_16bit_fantasy_creatures_100.png,creatures_24x24,50,82,98,0.9189
src/Presentation/assets/sprites_16bf/creatures_24x24/oryx_16bit_fantasy_creatures_101.png,creatures_24x24,36,61,74,0.9216
src/Presentation/assets/sprites_16bf/creatures_24x24/oryx_16bit_fantasy_creatures_102.png,creatures_24x24,44,72,85,0.9204
src/Presentation/assets/sprites_16bf/creatures_24x24/oryx_16bit_fantasy_creatures_103.png,creatures_24x24,37,77,92,0.9499
src/Presentation/assets/sprites_16bf/creatures_24x24/oryx_16bit_fantasy_creatures_104.png,creatures_24x24,41,80,97,0.9612
src/Presentation/assets/sprites_16bf/creatures_24x24/oryx_16bit_fantasy_creatures_105.png,creatures_24x24,37,66,80,0.852
src/Presentation/assets/sprites_16bf/creatures_24x24/oryx_16bit_fantasy_creatures_106.png,creatures_24x24,39,77,92,0.9462
src/Presentation/assets/sprites_16bf/creatures_24x24/oryx_16bit_fantasy_creatures_107.png,creatures_24x24,39,76,93,0.9566
src/Presentation/assets/sprites_16bf/creatures_24x24/oryx_16bit_fantasy_creatures_108.png,creatures_24x24,42,83,98,0.9388
src/Presentation/assets/sprites_16bf/creatures_24x24/oryx_16bit_fantasy_creatures_109.png,creatures_24x24,46,71,86,0.9006
src/Presentation/assets/sprites_16bf/creatures_24x24/oryx_16bit_fantasy_creatures_11.png,creatures_24x24,59,94,112,0.9397
src/Presentation/assets/sprites_16bf/creatures_24x24/oryx_16bit_fantasy_creatures_110.png,creatures_24x24,34,56,72,0.9211
src/Presentation/assets/sprites_16bf/creatures_24x24/oryx_16bit_fantasy_creatures_111.png,creatures_24x24,52,108,129,0.9579
src/Presentation/assets/sprites_16bf/creatures_24x24/oryx_16bit_fantasy_creatures_112.png,creatures_24x24,54,110,131,0.9579
src/Presentation/assets/sprites_16bf/creatures_24x24/oryx_16bit_fantasy_creatures_113.png,creatures_24x24,59,110,127,0.9548
src/Presentation/assets/sprites_16bf/creatures_24x24/oryx_16bit_fantasy_creatures_114.png,creatures_24x24,46,76,91,0.9017
src/Presentation/assets/sprites_16bf/creatures_24x24/oryx_16bit_fantasy_creatures_115.png,creatures_24x24,49,83,98,0.9072
src/Presentation/assets/sprites_16bf/creatures_24x24/oryx_16bit_fantasy_creatures_116.png,creatures_24x24,68,111,126,0.9391
src/Presentation/assets/sprites_16bf/creatures_24x24/oryx_16bit_fantasy_creatures_117.png,creatures_24x24,50,83,96,0.9084
src/Presentation/assets/sprites_16bf/creatures_24x24/oryx_16bit_fantasy_creatures_118.png,creatures_24x24,53,95,110,0.9479
src/Presentation/assets/sprites_16bf/creatures_24x24/oryx_16bit_fantasy_creatures_119.png,creatures_24x24,35,54,73,0.9113
src/Presentation/assets/sprites_16bf/creatures_24x24/oryx_16bit_fantasy_creatures_12.png,creatures_24x24,64,111,130,0.9648
src/Presentation/assets/sprites_16bf/creatures_24x24/oryx_16bit_fantasy_creatures_120.png,creatures_24x24,29,52,72,0.9306
src/Presentation/assets/sprites_16bf/creatures_24x24/oryx_16bit_fantasy_creatures_121.png,creatures_24x24,52,87,104,0.9286
src/Presentation/assets/sprites_16bf/creatures_24x24/oryx_16bit_fantasy_creatures_122.png,creatures_24x24,31,50,66,0.8879
src/Presentation/assets/sprites_16bf/creatures_24x24/oryx_16bit_fantasy_creatures_123.png,creatures_24x24,37,59,79,0.9271
src/Presentation/assets/sprites_16bf/creatures_24x24/oryx_16bit_fantasy_creatures_124.png,creatures_24x24,29,54,75,0.9385
src/Presentation/assets/sprites_16bf/creatures_24x24/oryx_16bit_fantasy_creatures_125.png,creatures_24x24,56,93,112,0.9402
src/Presentation/assets/sprites_16bf/creatures_24x24/oryx_16bit_fantasy_creatures_126.png,creatures_24x24,34,55,72,0.9003
src/Presentation/assets/sprites_16bf/creatures_24x24/oryx_16bit_fantasy_creatures_127.png,creatures_24x24,45,69,85,0.8997
src/Presentation/assets/sprites_16bf/creatures_24x24/oryx_16bit_fantasy_creatures_128.png,creatures_24x24,31,54,70,0.9188
src/Presentation/assets/sprites_16bf/creatures_24x24/oryx_16bit_fantasy_creatures_129.png,creatures_24x24,52,104,125,0.9517
src/Presentation/assets/sprites_16bf/creatures_24x24/oryx_16bit_fantasy_creatures_13.png,creatures_24x24,43,77,94,0.8992
src/Presentation/assets/sprites_16bf/creatures_24x24/oryx_16bit_fantasy_creatures_130.png,creatures_24x24,54,105,126,0.9494
src/Presentation/assets/sprites_16bf/creatures_24x24/oryx_16bit_fantasy_creatures_131.png,creatures_24x24,57,108,125,0.9476
src/Presentation/assets/sprites_16bf/creatures_24x24/oryx_16bit_fantasy_creatures_132.png,creatures_24x24,45,75,90,0.9129
src/Presentation/assets/sprites_16bf/creatures_24x24/oryx_16bit_fantasy_creatures_133.png,creatures_24x24,49,84,98,0.8997
src/Presentation/assets/sprites_16bf/creatures_24x24/oryx_16bit_fantasy_creatures_134.png,creatures_24x24,66,100,116,0.9169
src/Presentation/assets/sprites_16bf/creatures_24x24/oryx_16bit_fantasy_creatures_135.png,creatures_24x24,49,83,96,0.919
src/Presentation/assets/sprites_16bf/creatures_24x24/oryx_16bit_fantasy_creatures_136.png,creatures_24x24,53,95,107,0.9592
src/Presentation/assets/sprites_16bf/creatures_24x24/oryx_16bit_fantasy_creatures_137.png,creatures_24x24,36,54,71,0.9071
src/Presentation/assets/sprites_16bf/creatures_24x24/oryx_16bit_fantasy_creatures_138.png,creatures_24x24,29,50,69,0.9222
src/Presentation/assets/sprites_16bf/creatures_24x24/oryx_16bit_fantasy_creatures_139.png,creatures_24x24,59,90,107,0.9195
src/Presentation/assets/sprites_16bf/creatures_24x24/oryx_16bit_fantasy_creatures_14.png,creatures_24x24,64,95,111,0.9321
src/Presentation/assets/sprites_16bf/creatures_24x24/oryx_16bit_fantasy_creatures_140.png,creatures_24x24,29,50,64,0.8922
src/Presentation/assets/sprites_16bf/creatures_24x24/oryx_16bit_fantasy_creatures_141.png,creatures_24x24,37,58,76,0.9211
src/Presentation/assets/sprites_16bf/creatures_24x24/oryx_16bit_fantasy_creatures_142.png,creatures_24x24,28,51,71,0.9275
src/Presentation/assets/sprites_16bf/creatures_24x24/oryx_16bit_fantasy_creatures_143.png,creatures_24x24,65,97,114,0.9368
src/Presentation/assets/sprites_16bf/creatures_24x24/oryx_16bit_fantasy_creatures_144.png,creatures_24x24,31,54,69,0.908
src/Presentation/assets/sprites_16bf/creatures_24x24/oryx_16bit_fantasy_creatures_145.png,creatures_24x24,44,64,83,0.9313
src/Presentation/assets/sprites_16bf/creatures_24x24/oryx_16bit_fantasy_creatures_146.png,creatures_24x24,46,70,90,0.9484
src/Presentation/assets/sprites_16bf/creatures_24x24/oryx_16bit_fantasy_creatures_147.png,creatures_24x24,59,94,111,0.9385
src/Presentation/assets/sprites_16bf/creatures_24x24/oryx_16bit_fantasy_creatures_148.png,creatures_24x24,44,65,81,0.9093
src/Presentation/assets/sprites_16bf/creatures_24x24/oryx_16bit_fantasy_creatures_149.png,creatures_24x24,47,69,89,0.9407
src/Presentation/assets/sprites_16bf/creatures_24x24/oryx_16bit_fantasy_creatures_15.png,creatures_24x24,59,105,121,0.9487
src/Presentation/assets/sprites_16bf/creatures_24x24/oryx_16bit_fantasy_creatures_150.png,creatures_24x24,47,72,93,0.9563
src/Presentation/assets/sprites_16bf/creatures_24x24/oryx_16bit_fantasy_creatures_151.png,creatures_24x24,64,101,120,0.9526
src/Presentation/assets/sprites_16bf/creatures_24x24/oryx_16bit_fantasy_creatures_152.png,creatures_24x24,52,74,91,0.9237
src/Presentation/assets/sprites_16bf/creatures_24x24/oryx_16bit_fantasy_creatures_153.png,creatures_24x24,67,94,111,0.9456
src/Presentation/assets/sprites_16bf/creatures_24x24/oryx_16bit_fantasy_creatures_154.png,creatures_24x24,83,123,141,0.9629
src/Presentation/assets/sprites_16bf/creatures_24x24/oryx_16bit_fantasy_creatures_155.png,creatures_24x24,66,96,118,0.9338
src/Presentation/assets/sprites_16bf/creatures_24x24/oryx_16bit_fantasy_creatures_156.png,creatures_24x24,74,107,122,0.9305
src/Presentation/assets/sprites_16bf/creatures_24x24/oryx_16bit_fantasy_creatures_157.png,creatures_24x24,71,106,125,0.9367
src/Presentation/assets/sprites_16bf/creatures_24x24/oryx_16bit_fantasy_creatures_158.png,creatures_24x24,41,67,76,0.9451
src/Presentation/assets/sprites_16bf/creatures_24x24/oryx_16bit_fantasy_creatures_159.png,creatures_24x24,39,68,79,0.9379
src/Presentation/assets/sprites_16bf/creatures_24x24/oryx_16bit_fantasy_creatures_16.png,creatures_24x24,34,68,88,0.9537
src/Presentation/assets/sprites_16bf/creatures_24x24/oryx_16bit_fantasy_creatures_160.png,creatures_24x24,48,77,86,0.9433
src/Presentation/assets/sprites_16bf/creatures_24x24/oryx_16bit_fantasy_creatures_161.png,creatures_24x24,54,78,88,0.9422
src/Presentation/assets/sprites_16bf/creatures_24x24/oryx_16bit_fantasy_creatures_162.png,creatures_24x24,46,73,84,0.9545
src/Presentation/assets/sprites_16bf/creatures_24x24/oryx_16bit_fantasy_creatures_163.png,creatures_24x24,45,63,81,0.9259
src/Presentation/assets/sprites_16bf/creatures_24x24/oryx_16bit_fantasy_creatures_164.png,creatures_24x24,46,68,87,0.9408
src/Presentation/assets/sprites_16bf/creatures_24x24/oryx_16bit_fantasy_creatures_165.png,creatures_24x24,68,101,118,0.9408
src/Presentation/assets/sprites_16bf/creatures_24x24/oryx_16bit_fantasy_creatures_166.png,creatures_24x24,43,66,80,0.9143
src/Presentation/assets/sprites_16bf/creatures_24x24/oryx_16bit_fantasy_creatures_167.png,creatures_24x24,47,68,87,0.9412
src/Presentation/assets/sprites_16bf/creatures_24x24/oryx_16bit_fantasy_creatures_168.png,creatures_24x24,46,69,89,0.9462
src/Presentation/assets/sprites_16bf/creatures_24x24/oryx_16bit_fantasy_creatures_169.png,creatures_24x24,73,106,123,0.9466
src/Presentation/assets/sprites_16bf/creatures_24x24/oryx_16bit_fantasy_creatures_17.png,creatures_24x24,40,75,89,0.9273
src/Presentation/assets/sprites_16bf/creatures_24x24/oryx_16bit_fantasy_creatures_170.png,creatures_24x24,50,74,89,0.932
src/Presentation/assets/sprites_16bf/creatures_24x24/oryx_16bit_fantasy_creatures_171.png,creatures_24x24,63,88,106,0.9531
src/Presentation/assets/sprites_16bf/creatures_24x24/oryx_16bit_fantasy_creatures_172.png,creatures_24x24,83,123,142,0.9625
src/Presentation/assets/sprites_16bf/creatures_24x24/oryx_16bit_fantasy_creatures_173.png,creatures_24x24,65,95,117,0.9396
src/Presentation/assets/sprites_16bf/creatures_24x24/oryx_16bit_fantasy_creatures_174.png,creatures_24x24,74,108,122,0.9477
src/Presentation/assets/sprites_16bf/creatures_24x24/oryx_16bit_fantasy_creatures_175.png,creatures_24x24,71,106,124,0.9531
src/Presentation/assets/sprites_16bf/creatures_24x24/oryx_16bit_fantasy_creatures_176.png,creatures_24x24,49,78,88,0.9495
src/Presentation/assets/sprites_16bf/creatures_24x24/oryx_16bit_fantasy_creatures_177.png,creatures_24x24,44,74,86,0.9387
src/Presentation/assets/sprites_16bf/creatures_24x24/oryx_16bit_fantasy_creatures_178.png,creatures_24x24,56,88,98,0.9476
src/Presentation/assets/sprites_16bf/creatures_24x24/oryx_16bit_fantasy_creatures_179.png,creatures_24x24,58,86,96,0.9431
src/Presentation/assets/sprites_16bf/creatures_24x24/oryx_16bit_fantasy_creatures_18.png,creatures_24x24,50,82,105,0.9551
src/Presentation/assets/sprites_16bf/creatures_24x24/oryx_16bit_fantasy_creatures_180.png,creatures_24x24,49,76,88,0.9589
src/Presentation/assets/sprites_16bf/creatures_24x24/oryx_16bit_fantasy_creatures_181.png,creatures_24x24,72,99,112,0.903
src/Presentation/assets/sprites_16bf/creatures_24x24/oryx_16bit_fantasy_creatures_182.png,creatures_24x24,72,99,112,0.903
src/Presentation/assets/sprites_16bf/creatures_24x24/oryx_16bit_fantasy_creatures_183.png,creatures_24x24,64,103,121,0.9372
src/Presentation/assets/sprites_16bf/creatures_24x24/oryx_16bit_fantasy_creatures_184.png,creatures_24x24,83,111,129,0.9229
src/Presentation/assets/sprites_16bf/creatures_24x24/oryx_16bit_fantasy_creatures_185.png,creatures_24x24,50,92,107,0.8967
src/Presentation/assets/sprites_16bf/creatures_24x24/oryx_16bit_fantasy_creatures_186.png,creatures_24x24,54,95,111,0.897
src/Presentation/assets/sprites_16bf/creatures_24x24/oryx_16bit_fantasy_creatures_187.png,creatures_24x24,100,140,153,0.9332
src/Presentation/assets/sprites_16bf/creatures_24x24/oryx_16bit_fantasy_creatures_188.png,creatures_24x24,67,105,124,0.9079
src/Presentation/assets/sprites_16bf/creatures_24x24/oryx_16bit_fantasy_creatures_189.png,creatures_24x24,72,106,124,0.9243
src/Presentation/assets/sprites_16bf/creatures_24x24/oryx_16bit_fantasy_creatures_19.png,creatures_24x24,54,97,113,0.9553
src/Presentation/assets/sprites_16bf/creatures_24x24/oryx_16bit_fantasy_creatures_190.png,creatures_24x24,87,122,140,0.9364
src/Presentation/assets/sprites_16bf/creatures_24x24/oryx_16bit_fantasy_creatures_191.png,creatures_24x24,55,87,109,0.9451
src/Presentation/assets/sprites_16bf/creatures_24x24/oryx_16bit_fantasy_creatures_192.png,creatures_24x24,43,69,93,0.9229
src/Presentation/assets/sprites_16bf/creatures_24x24/oryx_16bit_fantasy_creatures_193.png,creatures_24x24,58,94,117,0.9642
src/Presentation/assets/sprites_16bf/creatures_24x24/oryx_16bit_fantasy_creatures_194.png,creatures_24x24,84,125,147,0.9741
src/Presentation/assets/sprites_16bf/creatures_24x24/oryx_16bit_fantasy_creatures_195.png,creatures_24x24,32,71,97,0.9702
src/Presentation/assets/sprites_16bf/creatures_24x24/oryx_16bit_fantasy_creatures_196.png,creatures_24x24,41,79,95,0.9353
src/Presentation/assets/sprites_16bf/creatures_24x24/oryx_16bit_fantasy_creatures_197.png,creatures_24x24,62,123,144,0.9896
src/Presentation/assets/sprites_16bf/creatures_24x24/oryx_16bit_fantasy_creatures_198.png,creatures_24x24,32,48,60,0.827
src/Presentation/assets/sprites_16bf/creatures_24x24/oryx_16bit_fantasy_creatures_199.png,creatures_24x24,70,96,108,0.9038
src/Presentation/assets/sprites_16bf/creatures_24x24/oryx_16bit_fantasy_creatures_20.png,creatures_24x24,51,81,96,0.9218
src/Presentation/assets/sprites_16bf/creatures_24x24/oryx_16bit_fantasy_creatures_200.png,creatures_24x24,68,93,105,0.9014
src/Presentation/assets/sprites_16bf/creatures_24x24/oryx_16bit_fantasy_creatures_201.png,creatures_24x24,64,100,118,0.9362
src/Presentation/assets/sprites_16bf/creatures_24x24/oryx_16bit_fantasy_creatures_202.png,creatures_24x24,76,103,120,0.9138
src/Presentation/assets/sprites_16bf/creatures_24x24/oryx_16bit_fantasy_creatures_203.png,creatures_24x24,51,90,103,0.8942
src/Presentation/assets/sprites_16bf/creatures_24x24/oryx_16bit_fantasy_creatures_204.png,creatures_24x24,55,93,107,0.8944
src/Presentation/assets/sprites_16bf/creatures_24x24/oryx_16bit_fantasy_creatures_205.png,creatures_24x24,88,125,139,0.9373
src/Presentation/assets/sprites_16bf/creatures_24x24/oryx_16bit_fantasy_creatures_206.png,creatures_24x24,64,96,115,0.9036
src/Presentation/assets/sprites_16bf/creatures_24x24/oryx_16bit_fantasy_creatures_207.png,creatures_24x24,63,87,107,0.9254
src/Presentation/assets/sprites_16bf/creatures_24x24/oryx_16bit_fantasy_creatures_208.png,creatures_24x24,74,99,118,0.9301
src/Presentation/assets/sprites_16bf/creatures_24x24/oryx_16bit_fantasy_creatures_209.png,creatures_24x24,55,84,107,0.9581
src/Presentation/assets/sprites_16bf/creatures_24x24/oryx_16bit_fantasy_creatures_21.png,creatures_24x24,64,107,125,0.9474
src/Presentation/assets/sprites_16bf/creatures_24x24/oryx_16bit_fantasy_creatures_210.png,creatures_24x24,40,63,86,0.9349
src/Presentation/assets/sprites_16bf/creatures_24x24/oryx_16bit_fantasy_creatures_211.png,creatures_24x24,59,95,117,0.9771
src/Presentation/assets/sprites_16bf/creatures_24x24/oryx_16bit_fantasy_creatures_212.png,creatures_24x24,84,125,145,0.9762
src/Presentation/assets/sprites_16bf/creatures_24x24/oryx_16bit_fantasy_creatures_213.png,creatures_24x24,49,76,99,0.9659
src/Presentation/assets/sprites_16bf/creatures_24x24/oryx_16bit_fantasy_creatures_214.png,creatures_24x24,40,76,92,0.9477
src/Presentation/assets/sprites_16bf/creatures_24x24/oryx_16bit_fantasy_creatures_215.png,creatures_24x24,71,124,146,0.9837
src/Presentation/assets/sprites_16bf/creatures_24x24/oryx_16bit_fantasy_creatures_216.png,creatures_24x24,30,44,56,0.827
src/Presentation/assets/sprites_16bf/creatures_24x24/oryx_16bit_fantasy_creatures_217.png,creatures_24x24,19,38,45,0.8299
src/Presentation/assets/sprites_16bf/creatures_24x24/oryx_16bit_fantasy_creatures_218.png,creatures_24x24,19,38,45,0.8299
src/Presentation/assets/sprites_16bf/creatures_24x24/oryx_16bit_fantasy_creatures_219.png,creatures_24x24,27,47,63,0.9559
src/Presentation/assets/sprites_16bf/creatures_24x24/oryx_16bit_fantasy_creatures_22.png,creatures_24x24,38,73,86,0.9062
src/Presentation/assets/sprites_16bf/creatures_24x24/oryx_16bit_fantasy_creatures_220.png,creatures_24x24,27,47,63,0.9559
src/Presentation/assets/sprites_16bf/creatures_24x24/oryx_16bit_fantasy_creatures_221.png,creatures_24x24,37,61,69,0.8448
src/Presentation/assets/sprites_16bf/creatures_24x24/oryx_16bit_fantasy_creatures_222.png,creatures_24x24,54,85,100,0.9443
src/Presentation/assets/sprites_16bf/creatures_24x24/oryx_16bit_fantasy_creatures_223.png,creatures_24x24,55,87,104,0.9738
src/Presentation/assets/sprites_16bf/creatures_24x24/oryx_16bit_fantasy_creatures_224.png,creatures_24x24,43,62,74,0.8143
src/Presentation/assets/sprites_16bf/creatures_24x24/oryx_16bit_fantasy_creatures_225.png,creatures_24x24,43,62,74,0.8078
src/Presentation/assets/sprites_16bf/creatures_24x24/oryx_16bit_fantasy_creatures_226.png,creatures_24x24,18,55,70,0.9522
src/Presentation/assets/sprites_16bf/creatures_24x24/oryx_16bit_fantasy_creatures_227.png,creatures_24x24,48,84,99,0.8983
src/Presentation/assets/sprites_16bf/creatures_24x24/oryx_16bit_fantasy_creatures_228.png,creatures_24x24,46,79,95,0.8953
src/Presentation/assets/sprites_16bf/creatures_24x24/oryx_16bit_fantasy_creatures_229.png,creatures_24x24,38,58,74,0.8
src/Presentation/assets/sprites_16bf/creatures_24x24/oryx_16bit_fantasy_creatures_23.png,creatures_24x24,57,81,100,0.9153
src/Presentation/assets/sprites_16bf/creatures_24x24/oryx_16bit_fantasy_creatures_230.png,creatures_24x24,49,72,86,0.8354
src/Presentation/assets/sprites_16bf/creatures_24x24/oryx_16bit_fantasy_creatures_231.png,creatures_24x24,49,68,82,0.8134
src/Presentation/assets/sprites_16bf/creatures_24x24/oryx_16bit_fantasy_creatures_232.png,creatures_24x24,55,91,100,0.8615
src/Presentation/assets/sprites_16bf/creatures_24x24/oryx_16bit_fantasy_creatures_233.png,creatures_24x24,67,109,119,0.9122
src/Presentation/assets/sprites_16bf/creatures_24x24/oryx_16bit_fantasy_creatures_234.png,creatures_24x24,58,93,103,0.8754
src/Presentation/assets/sprites_16bf/creatures_24x24/oryx_16bit_fantasy_creatures_235.png,creatures_24x24,16,34,39,0.8467
src/Presentation/assets/sprites_16bf/creatures_24x24/oryx_16bit_fantasy_creatures_236.png,creatures_24x24,16,34,39,0.8467
src/Presentation/assets/sprites_16bf/creatures_24x24/oryx_16bit_fantasy_creatures_237.png,creatures_24x24,29,51,67,0.9644
src/Presentation/assets/sprites_16bf/creatures_24x24/oryx_16bit_fantasy_creatures_238.png,creatures_24x24,29,51,67,0.9644
src/Presentation/assets/sprites_16bf/creatures_24x24/oryx_16bit_fantasy_creatures_239.png,creatures_24x24,36,60,68,0.852
src/Presentation/assets/sprites_16bf/creatures_24x24/oryx_16bit_fantasy_creatures_24.png,creatures_24x24,54,95,109,0.9417
src/Presentation/assets/sprites_16bf/creatures_24x24/oryx_16bit_fantasy_creatures_240.png,creatures_24x24,72,101,114,0.9439
src/Presentation/assets/sprites_16bf/creatures_24x24/oryx_16bit_fantasy_creatures_241.png,creatures_24x24,73,103,118,0.9736
src/Presentation/assets/sprites_16bf/creatures_24x24/oryx_16bit_fantasy_creatures_242.png,creatures_24x24,43,64,74,0.8259
src/Presentation/assets/sprites_16bf/creatures_24x24/oryx_16bit_fantasy_creatures_243.png,creatures_24x24,44,66,75,0.8235
src/Presentation/assets/sprites_16bf/creatures_24x24/oryx_16bit_fantasy_creatures_244.png,creatures_24x24,21,55,70,0.9515
src/Presentation/assets/sprites_16bf/creatures_24x24/oryx_16bit_fantasy_creatures_245.png,creatures_24x24,36,76,95,0.9196
src/Presentation/assets/sprites_16bf/creatures_24x24/oryx_16bit_fantasy_creatures_246.png,creatures_24x24,34,71,91,0.9167
src/Presentation/assets/sprites_16bf/creatures_24x24/oryx_16bit_fantasy_creatures_247.png,creatures_24x24,40,61,76,0.802
src/Presentation/assets/sprites_16bf/creatures_24x24/oryx_16bit_fantasy_creatures_248.png,creatures_24x24,43,66,80,0.8333
src/Presentation/assets/sprites_16bf/creatures_24x24/oryx_16bit_fantasy_creatures_249.png,creatures_24x24,48,68,81,0.8085
src/Presentation/assets/sprites_16bf/creatures_24x24/oryx_16bit_fantasy_creatures_25.png,creatures_24x24,38,69,83,0.919
src/Presentation/assets/sprites_16bf/creatures_24x24/oryx_16bit_fantasy_creatures_250.png,creatures_24x24,49,75,84,0.8893
src/Presentation/assets/sprites_16bf/creatures_24x24/oryx_16bit_fantasy_creatures_251.png,creatures_24x24,60,93,103,0.9542
src/Presentation/assets/sprites_16bf/creatures_24x24/oryx_16bit_fantasy_creatures_252.png,creatures_24x24,49,76,85,0.9046
src/Presentation/assets/sprites_16bf/creatures_24x24/oryx_16bit_fantasy_creatures_253.png,creatures_24x24,40,62,76,0.9007
src/Presentation/assets/sprites_16bf/creatures_24x24/oryx_16bit_fantasy_creatures_254.png,creatures_24x24,54,88,104,0.912
src/Presentation/assets/sprites_16bf/creatures_24x24/oryx_16bit_fantasy_creatures_255.png,creatures_24x24,40,68,85,0.9596
src/Presentation/assets/sprites_16bf/creatures_24x24/oryx_16bit_fantasy_creatures_256.png,creatures_24x24,42,69,88,0.9561
src/Presentation/assets/sprites_16bf/creatures_24x24/oryx_16bit_fantasy_creatures_257.png,creatures_24x24,37,59,70,0.871
src/Presentation/assets/sprites_16bf/creatures_24x24/oryx_16bit_fantasy_creatures_258.png,creatures_24x24,57,78,96,0.9394
src/Presentation/assets/sprites_16bf/creatures_24x24/oryx_16bit_fantasy_creatures_259.png,creatures_24x24,59,92,110,0.9601
src/Presentation/assets/sprites_16bf/creatures_24x24/oryx_16bit_fantasy_creatures_26.png,creatures_24x24,35,69,81,0.9224
src/Presentation/assets/sprites_16bf/creatures_24x24/oryx_16bit_fantasy_creatures_260.png,creatures_24x24,55,76,91,0.8949
src/Presentation/assets/sprites_16bf/creatures_24x24/oryx_16bit_fantasy_creatures_261.png,creatures_24x24,51,74,98,0.9241
src/Presentation/assets/sprites_16bf/creatures_24x24/oryx_16bit_fantasy_creatures_262.png,creatures_24x24,51,73,96,0.897
src/Presentation/assets/sprites_16bf/creatures_24x24/oryx_16bit_fantasy_creatures_263.png,creatures_24x24,59,84,105,0.9387
src/Presentation/assets/sprites_16bf/creatures_24x24/oryx_16bit_fantasy_creatures_264.png,creatures_24x24,59,84,105,0.9387
src/Presentation/assets/sprites_16bf/creatures_24x24/oryx_16bit_fantasy_creatures_265.png,creatures_24x24,33,60,83,0.9653
src/Presentation/assets/sprites_16bf/creatures_24x24/oryx_16bit_fantasy_creatures_266.png,creatures_24x24,34,63,87,0.9629
src/Presentation/assets/sprites_16bf/creatures_24x24/oryx_16bit_fantasy_creatures_267.png,creatures_24x24,46,69,93,0.9629
src/Presentation/assets/sprites_16bf/creatures_24x24/oryx_16bit_fantasy_creatures_268.png,creatures_24x24,39,58,77,0.8571
src/Presentation/assets/sprites_16bf/creatures_24x24/oryx_16bit_fantasy_creatures_269.png,creatures_24x24,39,58,77,0.8571
src/Presentation/assets/sprites_16bf/creatures_24x24/oryx_16bit_fantasy_creatures_27.png,creatures_24x24,45,75,96,0.9459
src/Presentation/assets/sprites_16bf/creatures_24x24/oryx_16bit_fantasy_creatures_270.png,creatures_24x24,39,58,77,0.8571
src/Presentation/assets/sprites_16bf/creatures_24x24/oryx_16bit_fantasy_creatures_271.png,creatures_24x24,40,62,75,0.8977
src/Presentation/assets/sprites_16bf/creatures_24x24/oryx_16bit_fantasy_creatures_272.png,creatures_24x24,57,86,105,0.9182
src/Presentation/assets/sprites_16bf/creatures_24x24/oryx_16bit_fantasy_creatures_273.png,creatures_24x24,42,72,89,0.9543
src/Presentation/assets/sprites_16bf/creatures_24x24/oryx_16bit_fantasy_creatures_274.png,creatures_24x24,45,72,91,0.9563
src/Presentation/assets/sprites_16bf/creatures_24x24/oryx_16bit_fantasy_creatures_275.png,creatures_24x24,42,64,76,0.8721
src/Presentation/assets/sprites_16bf/creatures_24x24/oryx_16bit_fantasy_creatures_276.png,creatures_24x24,51,71,87,0.9383
src/Presentation/assets/sprites_16bf/creatures_24x24/oryx_16bit_fantasy_creatures_277.png,creatures_24x24,53,84,101,0.9594
src/Presentation/assets/sprites_16bf/creatures_24x24/oryx_16bit_fantasy_creatures_278.png,creatures_24x24,49,70,84,0.9065
src/Presentation/assets/sprites_16bf/creatures_24x24/oryx_16bit_fantasy_creatures_279.png,creatures_24x24,50,74,97,0.9239
src/Presentation/assets/sprites_16bf/creatures_24x24/oryx_16bit_fantasy_creatures_28.png,creatures_24x24,58,104,119,0.9651
src/Presentation/assets/sprites_16bf/creatures_24x24/oryx_16bit_fantasy_creatures_280.png,creatures_24x24,50,73,95,0.8949
src/Presentation/assets/sprites_16bf/creatures_24x24/oryx_16bit_fantasy_creatures_281.png,creatures_24x24,52,77,98,0.9322
src/Presentation/assets/sprites_16bf/creatures_24x24/oryx_16bit_fantasy_creatures_282.png,creatures_24x24,53,79,100,0.9322
src/Presentation/assets/sprites_16bf/creatures_24x24/oryx_16bit_fantasy_creatures_283.png,creatures_24x24,34,60,82,0.9653
src/Presentation/assets/sprites_16bf/creatures_24x24/oryx_16bit_fantasy_creatures_284.png,creatures_24x24,34,62,86,0.963
src/Presentation/assets/sprites_16bf/creatures_24x24/oryx_16bit_fantasy_creatures_285.png,creatures_24x24,46,68,92,0.963
src/Presentation/assets/sprites_16bf/creatures_24x24/oryx_16bit_fantasy_creatures_286.png,creatures_24x24,41,59,77,0.862
src/Presentation/assets/sprites_16bf/creatures_24x24/oryx_16bit_fantasy_creatures_287.png,creatures_24x24,41,59,77,0.862
src/Presentation/assets/sprites_16bf/creatures_24x24/oryx_16bit_fantasy_creatures_288.png,creatures_24x24,42,59,77,0.8646
src/Presentation/assets/sprites_16bf/creatures_24x24/oryx_16bit_fantasy_creatures_289.png,creatures_24x24,69,93,109,0.947
src/Presentation/assets/sprites_16bf/creatures_24x24/oryx_16bit_fantasy_creatures_29.png,creatures_24x24,58,90,106,0.9379
src/Presentation/assets/sprites_16bf/creatures_24x24/oryx_16bit_fantasy_creatures_290.png,creatures_24x24,49,73,87,0.95
src/Presentation/assets/sprites_16bf/creatures_24x24/oryx_16bit_fantasy_creatures_291.png,creatures_24x24,37,53,68,0.9324
src/Presentation/assets/sprites_16bf/creatures_24x24/oryx_16bit_fantasy_creatures_292.png,creatures_24x24,67,97,116,0.9505
src/Presentation/assets/sprites_16bf/creatures_24x24/oryx_16bit_fantasy_creatures_293.png,creatures_24x24,36,72,91,0.9315
src/Presentation/assets/sprites_16bf/creatures_24x24/oryx_16bit_fantasy_creatures_294.png,creatures_24x24,17,34,45,0.8088
src/Presentation/assets/sprites_16bf/creatures_24x24/oryx_16bit_fantasy_creatures_295.png,creatures_24x24,11,29,37,0.7876
src/Presentation/assets/sprites_16bf/creatures_24x24/oryx_16bit_fantasy_creatures_296.png,creatures_24x24,44,71,92,0.9631
src/Presentation/assets/sprites_16bf/creatures_24x24/oryx_16bit_fantasy_creatures_297.png,creatures_24x24,43,65,85,0.8889
src/Presentation/assets/sprites_16bf/creatures_24x24/oryx_16bit_fantasy_creatures_298.png,creatures_24x24,47,77,93,0.9221
src/Presentation/assets/sprites_16bf/creatures_24x24/oryx_16bit_fantasy_creatures_299.png,creatures_24x24,38,70,86,0.8648
src/Presentation/assets/sprites_16bf/creatures_24x24/oryx_16bit_fantasy_creatures_30.png,creatures_24x24,66,109,127,0.9548
src/Presentation/assets/sprites_16bf/creatures_24x24/oryx_16bit_fantasy_creatures_300.png,creatures_24x24,37,79,95,0.9017
src/Presentation/assets/sprites_16bf/creatures_24x24/oryx_16bit_fantasy_creatures_301.png,creatures_24x24,36,57,72,0.861
src/Presentation/assets/sprites_16bf/creatures_24x24/oryx_16bit_fantasy_creatures_302.png,creatures_24x24,36,57,72,0.861
src/Presentation/assets/sprites_16bf/creatures_24x24/oryx_16bit_fantasy_creatures_303.png,creatures_24x24,44,71,85,0.8949
src/Presentation/assets/sprites_16bf/creatures_24x24/oryx_16bit_fantasy_creatures_304.png,creatures_24x24,54,83,106,0.9305
src/Presentation/assets/sprites_16bf/creatures_24x24/oryx_16bit_fantasy_creatures_305.png,creatures_24x24,55,84,107,0.9307
src/Presentation/assets/sprites_16bf/creatures_24x24/oryx_16bit_fantasy_creatures_306.png,creatures_24x24,55,84,107,0.9307
src/Presentation/assets/sprites_16bf/creatures_24x24/oryx_16bit_fantasy_creatures_307.png,creatures_24x24,68,91,107,0.947
src/Presentation/assets/sprites_16bf/creatures_24x24/oryx_16bit_fantasy_creatures_308.png,creatures_24x24,48,70,84,0.9457
src/Presentation/assets/sprites_16bf/creatures_24x24/oryx_16bit_fantasy_creatures_309.png,creatures_24x24,31,50,65,0.9333
src/Presentation/assets/sprites_16bf/creatures_24x24/oryx_16bit_fantasy_creatures_31.png,creatures_24x24,43,76,92,0.9051
src/Presentation/assets/sprites_16bf/creatures_24x24/oryx_16bit_fantasy_creatures_310.png,creatures_24x24,77,110,128,0.9453
src/Presentation/assets/sprites_16bf/creatures_24x24/oryx_16bit_fantasy_creatures_311.png,creatures_24x24,35,72,91,0.9321
src/Presentation/assets/sprites_16bf/creatures_24x24/oryx_16bit_fantasy_creatures_312.png,creatures_24x24,15,32,43,0.8156
src/Presentation/assets/sprites_16bf/creatures_24x24/oryx_16bit_fantasy_creatures_313.png,creatures_24x24,11,27,35,0.7876
src/Presentation/assets/sprites_16bf/creatures_24x24/oryx_16bit_fantasy_creatures_314.png,creatures_24x24,41,64,86,0.9665
src/Presentation/assets/sprites_16bf/creatures_24x24/oryx_16bit_fantasy_creatures_315.png,creatures_24x24,36,59,79,0.8947
src/Presentation/assets/sprites_16bf/creatures_24x24/oryx_16bit_fantasy_creatures_316.png,creatures_24x24,46,76,90,0.9292
src/Presentation/assets/sprites_16bf/creatures_24x24/oryx_16bit_fantasy_creatures_317.png,creatures_24x24,37,69,83,0.869
src/Presentation/assets/sprites_16bf/creatures_24x24/oryx_16bit_fantasy_creatures_318.png,creatures_24x24,35,73,90,0.9124
src/Presentation/assets/sprites_16bf/creatures_24x24/oryx_16bit_fantasy_creatures_319.png,creatures_24x24,37,60,76,0.864
src/Presentation/assets/sprites_16bf/creatures_24x24/oryx_16bit_fantasy_creatures_32.png,creatures_24x24,65,93,109,0.9373
src/Presentation/assets/sprites_16bf/creatures_24x24/oryx_16bit_fantasy_creatures_320.png,creatures_24x24,37,60,76,0.864
src/Presentation/assets/sprites_16bf/creatures_24x24/oryx_16bit_fantasy_creatures_321.png,creatures_24x24,44,74,88,0.9039
src/Presentation/assets/sprites_16bf/creatures_24x24/oryx_16bit_fantasy_creatures_322.png,creatures_24x24,49,77,100,0.9278
src/Presentation/assets/sprites_16bf/creatures_24x24/oryx_16bit_fantasy_creatures_323.png,creatures_24x24,50,78,100,0.9282
src/Presentation/assets/sprites_16bf/creatures_24x24/oryx_16bit_fantasy_creatures_324.png,creatures_24x24,50,78,100,0.9282
src/Presentation/assets/sprites_16bf/creatures_24x24/oryx_16bit_fantasy_creatures_325.png,creatures_24x24,55,93,106,0.841
src/Presentation/assets/sprites_16bf/creatures_24x24/oryx_16bit_fantasy_creatures_326.png,creatures_24x24,55,93,106,0.841
src/Presentation/assets/sprites_16bf/creatures_24x24/oryx_16bit_fantasy_creatures_327.png,creatures_24x24,55,93,106,0.841
src/Presentation/assets/sprites_16bf/creatures_24x24/oryx_16bit_fantasy_creatures_328.png,creatures_24x24,55,93,106,0.841
src/Presentation/assets/sprites_16bf/creatures_24x24/oryx_16bit_fantasy_creatures_329.png,creatures_24x24,36,64,79,0.7833
src/Presentation/assets/sprites_16bf/creatures_24x24/oryx_16bit_fantasy_creatures_33.png,creatures_24x24,60,106,119,0.9471
src/Presentation/assets/sprites_16bf/creatures_24x24/oryx_16bit_fantasy_creatures_330.png,creatures_24x24,40,69,84,0.8
src/Presentation/assets/sprites_16bf/creatures_24x24/oryx_16bit_fantasy_creatures_331.png,creatures_24x24,58,105,130,0.9542
src/Presentation/assets/sprites_16bf/creatures_24x24/oryx_16bit_fantasy_creatures_332.png,creatures_24x24,62,106,126,0.9539
src/Presentation/assets/sprites_16bf/creatures_24x24/oryx_16bit_fantasy_creatures_333.png,creatures_24x24,45,73,88,0.8747
src/Presentation/assets/sprites_16bf/creatures_24x24/oryx_16bit_fantasy_creatures_334.png,creatures_24x24,45,73,88,0.8747
src/Presentation/assets/sprites_16bf/creatures_24x24/oryx_16bit_fantasy_creatures_335.png,creatures_24x24,45,73,88,0.8747
src/Presentation/assets/sprites_16bf/creatures_24x24/oryx_16bit_fantasy_creatures_336.png,creatures_24x24,57,90,102,0.9624
src/Presentation/assets/sprites_16bf/creatures_24x24/oryx_16bit_fantasy_creatures_337.png,creatures_24x24,53,88,100,0.9624
src/Presentation/assets/sprites_16bf/creatures_24x24/oryx_16bit_fantasy_creatures_338.png,creatures_24x24,52,85,96,0.953
src/Presentation/assets/sprites_16bf/creatures_24x24/oryx_16bit_fantasy_creatures_339.png,creatures_24x24,73,110,126,0.9396
src/Presentation/assets/sprites_16bf/creatures_24x24/oryx_16bit_fantasy_creatures_34.png,creatures_24x24,35,69,87,0.9492
src/Presentation/assets/sprites_16bf/creatures_24x24/oryx_16bit_fantasy_creatures_340.png,creatures_24x24,87,136,151,0.956
src/Presentation/assets/sprites_16bf/creatures_24x24/oryx_16bit_fantasy_creatures_341.png,creatures_24x24,42,74,92,0.8739
src/Presentation/assets/sprites_16bf/creatures_24x24/oryx_16bit_fantasy_creatures_342.png,creatures_24x24,57,93,106,0.9117
src/Presentation/assets/sprites_16bf/creatures_24x24/oryx_16bit_fantasy_creatures_343.png,creatures_24x24,61,106,117,0.8401
src/Presentation/assets/sprites_16bf/creatures_24x24/oryx_16bit_fantasy_creatures_344.png,creatures_24x24,61,106,117,0.8401
src/Presentation/assets/sprites_16bf/creatures_24x24/oryx_16bit_fantasy_creatures_345.png,creatures_24x24,61,106,117,0.8401
src/Presentation/assets/sprites_16bf/creatures_24x24/oryx_16bit_fantasy_creatures_346.png,creatures_24x24,61,106,117,0.8401
src/Presentation/assets/sprites_16bf/creatures_24x24/oryx_16bit_fantasy_creatures_347.png,creatures_24x24,35,64,79,0.798
src/Presentation/assets/sprites_16bf/creatures_24x24/oryx_16bit_fantasy_creatures_348.png,creatures_24x24,39,69,84,0.8153
src/Presentation/assets/sprites_16bf/creatures_24x24/oryx_16bit_fantasy_creatures_349.png,creatures_24x24,58,103,128,0.959
src/Presentation/assets/sprites_16bf/creatures_24x24/oryx_16bit_fantasy_creatures_35.png,creatures_24x24,43,77,89,0.9308
src/Presentation/assets/sprites_16bf/creatures_24x24/oryx_16bit_fantasy_creatures_350.png,creatures_24x24,65,109,130,0.9536
src/Presentation/assets/sprites_16bf/creatures_24x24/oryx_16bit_fantasy_creatures_351.png,creatures_24x24,45,72,88,0.881
src/Presentation/assets/sprites_16bf/creatures_24x24/oryx_16bit_fantasy_creatures_352.png,creatures_24x24,43,72,88,0.8857
src/Presentation/assets/sprites_16bf/creatures_24x24/oryx_16bit_fantasy_creatures_353.png,creatures_24x24,43,72,88,0.8857
src/Presentation/assets/sprites_16bf/creatures_24x24/oryx_16bit_fantasy_creatures_354.png,creatures_24x24,58,89,100,0.9522
src/Presentation/assets/sprites_16bf/creatures_24x24/oryx_16bit_fantasy_creatures_355.png,creatures_24x24,54,87,98,0.9522
src/Presentation/assets/sprites_16bf/creatures_24x24/oryx_16bit_fantasy_creatures_356.png,creatures_24x24,53,84,94,0.9459
src/Presentation/assets/sprites_16bf/creatures_24x24/oryx_16bit_fantasy_creatures_357.png,creatures_24x24,68,103,122,0.9236
src/Presentation/assets/sprites_16bf/creatures_24x24/oryx_16bit_fantasy_creatures_358.png,creatures_24x24,84,124,142,0.9455
src/Presentation/assets/sprites_16bf/creatures_24x24/oryx_16bit_fantasy_creatures_359.png,creatures_24x24,46,80,95,0.9022
src/Presentation/assets/sprites_16bf/creatures_24x24/oryx_16bit_fantasy_creatures_36.png,creatures_24x24,47,77,97,0.9383
src/Presentation/assets/sprites_16bf/creatures_24x24/oryx_16bit_fantasy_creatures_360.png,creatures_24x24,46,80,92,0.9076
src/Presentation/assets/sprites_16bf/creatures_24x24/oryx_16bit_fantasy_creatures_361.png,creatures_24x24,16,24,33,0.6204
src/Presentation/assets/sprites_16bf/creatures_24x24/oryx_16bit_fantasy_creatures_362.png,creatures_24x24,16,24,33,0.6204
src/Presentation/assets/sprites_16bf/creatures_24x24/oryx_16bit_fantasy_creatures_363.png,creatures_24x24,34,72,83,0.8933
src/Presentation/assets/sprites_16bf/creatures_24x24/oryx_16bit_fantasy_creatures_364.png,creatures_24x24,45,76,91,0.9233
src/Presentation/assets/sprites_16bf/creatures_24x24/oryx_16bit_fantasy_creatures_365.png,creatures_24x24,12,25,31,0.837
src/Presentation/assets/sprites_16bf/creatures_24x24/oryx_16bit_fantasy_creatures_366.png,creatures_24x24,12,25,31,0.837
src/Presentation/assets/sprites_16bf/creatures_24x24/oryx_16bit_fantasy_creatures_367.png,creatures_24x24,12,25,31,0.837
src/Presentation/assets/sprites_16bf/creatures_24x24/oryx_16bit_fantasy_creatures_368.png,creatures_24x24,12,25,31,0.837
src/Presentation/assets/sprites_16bf/creatures_24x24/oryx_16bit_fantasy_creatures_369.png,creatures_24x24,5,24,29,0.8649
src/Presentation/assets/sprites_16bf/creatures_24x24/oryx_16bit_fantasy_creatures_37.png,creatures_24x24,21,46,61,0.943
src/Presentation/assets/sprites_16bf/creatures_24x24/oryx_16bit_fantasy_creatures_370.png,creatures_24x24,22,57,69,0.9059
src/Presentation/assets/sprites_16bf/creatures_24x24/oryx_16bit_fantasy_creatures_371.png,creatures_24x24,43,75,86,0.7832
src/Presentation/assets/sprites_16bf/creatures_24x24/oryx_16bit_fantasy_creatures_372.png,creatures_24x24,43,75,86,0.7832
src/Presentation/assets/sprites_16bf/creatures_24x24/oryx_16bit_fantasy_creatures_373.png,creatures_24x24,43,75,86,0.7832
src/Presentation/assets/sprites_16bf/creatures_24x24/oryx_16bit_fantasy_creatures_374.png,creatures_24x24,29,35,51,0.8063
src/Presentation/assets/sprites_16bf/creatures_24x24/oryx_16bit_fantasy_creatures_375.png,creatures_24x24,29,35,51,0.8063
src/Presentation/assets/sprites_16bf/creatures_24x24/oryx_16bit_fantasy_creatures_376.png,creatures_24x24,29,35,51,0.8063
src/Presentation/assets/sprites_16bf/creatures_24x24/oryx_16bit_fantasy_creatures_377.png,creatures_24x24,16,29,34,0.7811
src/Presentation/assets/sprites_16bf/creatures_24x24/oryx_16bit_fantasy_creatures_378.png,creatures_24x24,16,29,34,0.7811
src/Presentation/assets/sprites_16bf/creatures_24x24/oryx_16bit_fantasy_creatures_379.png,creatures_24x24,12,23,29,0.6162
src/Presentation/assets/sprites_16bf/creatures_24x24/oryx_16bit_fantasy_creatures_38.png,creatures_24x24,35,67,78,0.934
src/Presentation/assets/sprites_16bf/creatures_24x24/oryx_16bit_fantasy_creatures_380.png,creatures_24x24,12,23,29,0.6162
src/Presentation/assets/sprites_16bf/creatures_24x24/oryx_16bit_fantasy_creatures_381.png,creatures_24x24,32,76,83,0.9137
src/Presentation/assets/sprites_16bf/creatures_24x24/oryx_16bit_fantasy_creatures_382.png,creatures_24x24,49,87,96,0.9065
src/Presentation/assets/sprites_16bf/creatures_24x24/oryx_16bit_fantasy_creatures_383.png,creatures_24x24,20,30,38,0.8244
src/Presentation/assets/sprites_16bf/creatures_24x24/oryx_16bit_fantasy_creatures_384.png,creatures_24x24,20,30,38,0.8244
src/Presentation/assets/sprites_16bf/creatures_24x24/oryx_16bit_fantasy_creatures_385.png,creatures_24x24,20,30,38,0.8244
src/Presentation/assets/sprites_16bf/creatures_24x24/oryx_16bit_fantasy_creatures_386.png,creatures_24x24,21,33,41,0.8213
src/Presentation/assets/sprites_16bf/creatures_24x24/oryx_16bit_fantasy_creatures_387.png,creatures_24x24,5,24,29,0.8649
src/Presentation/assets/sprites_16bf/creatures_24x24/oryx_16bit_fantasy_creatures_388.png,creatures_24x24,19,59,70,0.9018
src/Presentation/assets/sprites_16bf/creatures_24x24/oryx_16bit_fantasy_creatures_389.png,creatures_24x24,48,83,92,0.781
src/Presentation/assets/sprites_16bf/creatures_24x24/oryx_16bit_fantasy_creatures_39.png,creatures_24x24,22,49,61,0.9338
src/Presentation/assets/sprites_16bf/creatures_24x24/oryx_16bit_fantasy_creatures_390.png,creatures_24x24,48,83,92,0.781
src/Presentation/assets/sprites_16bf/creatures_24x24/oryx_16bit_fantasy_creatures_391.png,creatures_24x24,48,83,92,0.781
src/Presentation/assets/sprites_16bf/creatures_24x24/oryx_16bit_fantasy_creatures_392.png,creatures_24x24,27,42,57,0.8189
src/Presentation/assets/sprites_16bf/creatures_24x24/oryx_16bit_fantasy_creatures_393.png,creatures_24x24,27,42,57,0.8189
src/Presentation/assets/sprites_16bf/creatures_24x24/oryx_16bit_fantasy_creatures_394.png,creatures_24x24,27,42,57,0.8189
src/Presentation/assets/sprites_16bf/creatures_24x24/oryx_16bit_fantasy_creatures_395.png,creatures_24x24,16,29,34,0.8256
src/Presentation/assets/sprites_16bf/creatures_24x24/oryx_16bit_fantasy_creatures_396.png,creatures_24x24,16,29,34,0.8256
src/Presentation/assets/sprites_16bf/creatures_24x24/oryx_16bit_fantasy_creatures_40.png,creatures_24x24,29,60,74,0.9534
src/Presentation/assets/sprites_16bf/creatures_24x24/oryx_16bit_fantasy_creatures_41.png,creatures_24x24,28,53,69,0.9457
src/Presentation/assets/sprites_16bf/creatures_24x24/oryx_16bit_fantasy_creatures_42.png,creatures_24x24,37,68,80,0.8791
src/Presentation/assets/sprites_16bf/creatures_24x24/oryx_16bit_fantasy_creatures_43.png,creatures_24x24,41,66,88,0.9264
src/Presentation/assets/sprites_16bf/creatures_24x24/oryx_16bit_fantasy_creatures_44.png,creatures_24x24,29,53,68,0.8854
src/Presentation/assets/sprites_16bf/creatures_24x24/oryx_16bit_fantasy_creatures_45.png,creatures_24x24,45,73,87,0.903
src/Presentation/assets/sprites_16bf/creatures_24x24/oryx_16bit_fantasy_creatures_46.png,creatures_24x24,41,67,83,0.92
src/Presentation/assets/sprites_16bf/creatures_24x24/oryx_16bit_fantasy_creatures_47.png,creatures_24x24,30,55,66,0.9512
src/Presentation/assets/sprites_16bf/creatures_24x24/oryx_16bit_fantasy_creatures_48.png,creatures_24x24,37,63,75,0.9577
src/Presentation/assets/sprites_16bf/creatures_24x24/oryx_16bit_fantasy_creatures_49.png,creatures_24x24,38,70,86,0.9362
src/Presentation/assets/sprites_16bf/creatures_24x24/oryx_16bit_fantasy_creatures_50.png,creatures_24x24,44,77,93,0.9484
src/Presentation/assets/sprites_16bf/creatures_24x24/oryx_16bit_fantasy_creatures_51.png,creatures_24x24,38,87,102,0.9646
src/Presentation/assets/sprites_16bf/creatures_24x24/oryx_16bit_fantasy_creatures_52.png,creatures_24x24,44,78,94,0.9391
src/Presentation/assets/sprites_16bf/creatures_24x24/oryx_16bit_fantasy_creatures_53.png,creatures_24x24,50,85,101,0.9507
src/Presentation/assets/sprites_16bf/creatures_24x24/oryx_16bit_fantasy_creatures_54.png,creatures_24x24,44,95,110,0.9661
src/Presentation/assets/sprites_16bf/creatures_24x24/oryx_16bit_fantasy_creatures_55.png,creatures_24x24,23,46,60,0.9368
src/Presentation/assets/sprites_16bf/creatures_24x24/oryx_16bit_fantasy_creatures_56.png,creatures_24x24,37,67,77,0.9276
src/Presentation/assets/sprites_16bf/creatures_24x24/oryx_16bit_fantasy_creatures_57.png,creatures_24x24,24,49,60,0.9266
src/Presentation/assets/sprites_16bf/creatures_24x24/oryx_16bit_fantasy_creatures_58.png,creatures_24x24,31,58,71,0.9438
src/Presentation/assets/sprites_16bf/creatures_24x24/oryx_16bit_fantasy_creatures_59.png,creatures_24x24,22,45,61,0.9398
src/Presentation/assets/sprites_16bf/creatures_24x24/oryx_16bit_fantasy_creatures_60.png,creatures_24x24,38,68,80,0.8791
src/Presentation/assets/sprites_16bf/creatures_24x24/oryx_16bit_fantasy_creatures_61.png,creatures_24x24,41,67,88,0.9292
src/Presentation/assets/sprites_16bf/creatures_24x24/oryx_16bit_fantasy_creatures_62.png,creatures_24x24,29,52,67,0.8955
src/Presentation/assets/sprites_16bf/creatures_24x24/oryx_16bit_fantasy_creatures_63.png,creatures_24x24,47,74,88,0.9157
src/Presentation/assets/sprites_16bf/creatures_24x24/oryx_16bit_fantasy_creatures_64.png,creatures_24x24,41,66,82,0.9281
src/Presentation/assets/sprites_16bf/creatures_24x24/oryx_16bit_fantasy_creatures_65.png,creatures_24x24,31,55,66,0.9514
src/Presentation/assets/sprites_16bf/creatures_24x24/oryx_16bit_fantasy_creatures_66.png,creatures_24x24,38,63,75,0.954
src/Presentation/assets/sprites_16bf/creatures_24x24/oryx_16bit_fantasy_creatures_67.png,creatures_24x24,40,70,85,0.9303
src/Presentation/assets/sprites_16bf/creatures_24x24/oryx_16bit_fantasy_creatures_68.png,creatures_24x24,46,77,92,0.9431
src/Presentation/assets/sprites_16bf/creatures_24x24/oryx_16bit_fantasy_creatures_69.png,creatures_24x24,39,85,99,0.9517
src/Presentation/assets/sprites_16bf/creatures_24x24/oryx_16bit_fantasy_creatures_70.png,creatures_24x24,45,78,93,0.9329
src/Presentation/assets/sprites_16bf/creatures_24x24/oryx_16bit_fantasy_creatures_71.png,creatures_24x24,51,85,100,0.9452
src/Presentation/assets/sprites_16bf/creatures_24x24/oryx_16bit_fantasy_creatures_72.png,creatures_24x24,44,93,107,0.9534
src/Presentation/assets/sprites_16bf/creatures_24x24/oryx_16bit_fantasy_creatures_73.png,creatures_24x24,22,46,61,0.8941
src/Presentation/assets/sprites_16bf/creatures_24x24/oryx_16bit_fantasy_creatures_74.png,creatures_24x24,34,58,74,0.8956
src/Presentation/assets/sprites_16bf/creatures_24x24/oryx_16bit_fantasy_creatures_75.png,creatures_24x24,30,57,72,0.8914
src/Presentation/assets/sprites_16bf/creatures_24x24/oryx_16bit_fantasy_creatures_76.png,creatures_24x24,31,64,78,0.9151
src/Presentation/assets/sprites_16bf/creatures_24x24/oryx_16bit_fantasy_creatures_77.png,creatures_24x24,33,58,75,0.9083
src/Presentation/assets/sprites_16bf/creatures_24x24/oryx_16bit_fantasy_creatures_78.png,creatures_24x24,29,59,74,0.9084
src/Presentation/assets/sprites_16bf/creatures_24x24/oryx_16bit_fantasy_creatures_79.png,creatures_24x24,31,65,77,0.8505
src/Presentation/assets/sprites_16bf/creatures_24x24/oryx_16bit_fantasy_creatures_80.png,creatures_24x24,41,77,93,0.9167
src/Presentation/assets/sprites_16bf/creatures_24x24/oryx_16bit_fantasy_creatures_81.png,creatures_24x24,51,82,100,0.9266
src/Presentation/assets/sprites_16bf/creatures_24x24/oryx_16bit_fantasy_creatures_82.png,creatures_24x24,57,89,106,0.9188
src/Presentation/assets/sprites_16bf/creatures_24x24/oryx_16bit_fantasy_creatures_83.png,creatures_24x24,37,63,75,0.9252
src/Presentation/assets/sprites_16bf/creatures_24x24/oryx_16bit_fantasy_creatures_84.png,creatures_24x24,40,70,83,0.9196
src/Presentation/assets/sprites_16bf/creatures_24x24/oryx_16bit_fantasy_creatures_85.png,creatures_24x24,37,77,96,0.9489
src/Presentation/assets/sprites_16bf/creatures_24x24/oryx_16bit_fantasy_creatures_86.png,creatures_24x24,42,83,102,0.9625
src/Presentation/assets/sprites_16bf/creatures_24x24/oryx_16bit_fantasy_creatures_87.png,creatures_24x24,37,69,87,0.8593
src/Presentation/assets/sprites_16bf/creatures_24x24/oryx_16bit_fantasy_creatures_88.png,creatures_24x24,39,77,96,0.9455
src/Presentation/assets/sprites_16bf/creatures_24x24/oryx_16bit_fantasy_creatures_89.png,creatures_24x24,40,79,98,0.958
src/Presentation/assets/sprites_16bf/creatures_24x24/oryx_16bit_fantasy_creatures_90.png,creatures_24x24,42,86,105,0.9432
src/Presentation/assets/sprites_16bf/creatures_24x24/oryx_16bit_fantasy_creatures_91.png,creatures_24x24,19,43,57,0.9088
src/Presentation/assets/sprites_16bf/creatures_24x24/oryx_16bit_fantasy_creatures_92.png,creatures_24x24,30,54,69,0.9103
src/Presentation/assets/sprites_16bf/creatures_24x24/oryx_16bit_fantasy_creatures_93.png,creatures_24x24,24,52,66,0.9059
src/Presentation/assets/sprites_16bf/creatures_24x24/oryx_16bit_fantasy_creatures_94.png,creatures_24x24,25,58,71,0.9308
src/Presentation/assets/sprites_16bf/creatures_24x24/oryx_16bit_fantasy_creatures_95.png,creatures_24x24,23,46,62,0.8914
src/Presentation/assets/sprites_16bf/creatures_24x24/oryx_16bit_fantasy_creatures_96.png,creatures_24x24,23,49,64,0.9129
src/Presentation/assets/sprites_16bf/creatures_24x24/oryx_16bit_fantasy_creatures_97.png,creatures_24x24,26,60,70,0.8591
src/Presentation/assets/sprites_16bf/creatures_24x24/oryx_16bit_fantasy_creatures_98.png,creatures_24x24,41,74,90,0.9242
src/Presentation/assets/sprites_16bf/creatures_24x24/oryx_16bit_fantasy_creatures_99.png,creatures_24x24,46,77,93,0.9322
src/Presentation/assets/sprites_16bf/items_16x16/oryx_16bit_fantasy_items_01.png,items_16x16,13,24,33,0.9397
src/Presentation/assets/sprites_16bf/items_16x16/oryx_16bit_fantasy_items_02.png,items_16x16,13,24,33,0.9397
src/Presentation/assets/sprites_16bf/items_16x16/oryx_16bit_fantasy_items_03.png,items_16x16,13,24,33,0.9397
src/Presentation/assets/sprites_16bf/items_16x16/oryx_16bit_fantasy_items_04.png,items_16x16,13,24,33,0.9397
src/Presentation/assets/sprites_16bf/items_16x16/oryx_16bit_fantasy_items_05.png,items_16x16,13,24,33,0.9397
src/Presentation/assets/sprites_16bf/items_16x16/oryx_16bit_fantasy_items_06.png,items_16x16,11,18,28,0.9224
src/Presentation/assets/sprites_16bf/items_16x16/oryx_16bit_fantasy_items_07.png,items_16x16,30,44,51,0.9242
src/Presentation/assets/sprites_16bf/items_16x16/oryx_16bit_fantasy_items_08.png,items_16x16,30,44,51,0.9242
src/Presentation/assets/sprites_16bf/items_16x16/oryx_16bit_fantasy_items_09.png,items_16x16,28,42,49,0.9242
src/Presentation/assets/sprites_16bf/items_16x16/oryx_16bit_fantasy_items_10.png,items_16x16,28,42,49,0.9242
src/Presentation/assets/sprites_16bf/items_16x16/oryx_16bit_fantasy_items_100.png,items_16x16,13,13,26,0.8978
src/Presentation/assets/sprites_16bf/items_16x16/oryx_16bit_fantasy_items_101.png,items_16x16,13,13,26,0.8978
src/Presentation/assets/sprites_16bf/items_16x16/oryx_16bit_fantasy_items_102.png,items_16x16,14,43,45,0.9061
src/Presentation/assets/sprites_16bf/items_16x16/oryx_16bit_fantasy_items_103.png,items_16x16,5,18,19,0.918
src/Presentation/assets/sprites_16bf/items_16x16/oryx_16bit_fantasy_items_104.png,items_16x16,15,50,51,0.9917
src/Presentation/assets/sprites_16bf/items_16x16/oryx_16bit_fantasy_items_105.png,items_16x16,5,8,21,1.0
src/Presentation/assets/sprites_16bf/items_16x16/oryx_16bit_fantasy_items_106.png,items_16x16,4,7,21,0.9946
src/Presentation/assets/sprites_16bf/items_16x16/oryx_16bit_fantasy_items_107.png,items_16x16,5,13,29,0.9612
src/Presentation/assets/sprites_16bf/items_16x16/oryx_16bit_fantasy_items_108.png,items_16x16,5,8,21,1.0
src/Presentation/assets/sprites_16bf/items_16x16/oryx_16bit_fantasy_items_109.png,items_16x16,4,7,21,0.9946
src/Presentation/assets/sprites_16bf/items_16x16/oryx_16bit_fantasy_items_11.png,items_16x16,28,42,49,0.9242
src/Presentation/assets/sprites_16bf/items_16x16/oryx_16bit_fantasy_items_110.png,items_16x16,5,13,29,0.9612
src/Presentation/assets/sprites_16bf/items_16x16/oryx_16bit_fantasy_items_111.png,items_16x16,8,24,30,0.7981
src/Presentation/assets/sprites_16bf/items_16x16/oryx_16bit_fantasy_items_112.png,items_16x16,6,22,24,0.8393
src/Presentation/assets/sprites_16bf/items_16x16/oryx_16bit_fantasy_items_113.png,items_16x16,14,22,28,0.6975
src/Presentation/assets/sprites_16bf/items_16x16/oryx_16bit_fantasy_items_114.png,items_16x16,11,23,29,0.8333
src/Presentation/assets/sprites_16bf/items_16x16/oryx_16bit_fantasy_items_115.png,items_16x16,11,21,24,0.5899
src/Presentation/assets/sprites_16bf/items_16x16/oryx_16bit_fantasy_items_116.png,items_16x16,9,23,29,0.8168
src/Presentation/assets/sprites_16bf/items_16x16/oryx_16bit_fantasy_items_117.png,items_16x16,10,21,27,0.8382
src/Presentation/assets/sprites_16bf/items_16x16/oryx_16bit_fantasy_items_118.png,items_16x16,4,17,24,0.8112
src/Presentation/assets/sprites_16bf/items_16x16/oryx_16bit_fantasy_items_119.png,items_16x16,10,23,26,0.7348
src/Presentation/assets/sprites_16bf/items_16x16/oryx_16bit_fantasy_items_12.png,items_16x16,27,38,46,0.9091
src/Presentation/assets/sprites_16bf/items_16x16/oryx_16bit_fantasy_items_120.png,items_16x16,10,26,29,0.8321
src/Presentation/assets/sprites_16bf/items_16x16/oryx_16bit_fantasy_items_121.png,items_16x16,17,22,24,0.5878
src/Presentation/assets/sprites_16bf/items_16x16/oryx_16bit_fantasy_items_122.png,items_16x16,6,14,17,0.587
src/Presentation/assets/sprites_16bf/items_16x16/oryx_16bit_fantasy_items_123.png,items_16x16,12,23,24,0.6589
src/Presentation/assets/sprites_16bf/items_16x16/oryx_16bit_fantasy_items_124.png,items_16x16,9,21,23,0.6604
src/Presentation/assets/sprites_16bf/items_16x16/oryx_16bit_fantasy_items_125.png,items_16x16,12,21,22,0.5857
src/Presentation/assets/sprites_16bf/items_16x16/oryx_16bit_fantasy_items_126.png,items_16x16,11,22,23,0.6061
src/Presentation/assets/sprites_16bf/items_16x16/oryx_16bit_fantasy_items_127.png,items_16x16,13,33,38,0.8919
src/Presentation/assets/sprites_16bf/items_16x16/oryx_16bit_fantasy_items_128.png,items_16x16,13,33,38,0.8919
src/Presentation/assets/sprites_16bf/items_16x16/oryx_16bit_fantasy_items_129.png,items_16x16,13,33,38,0.8919
src/Presentation/assets/sprites_16bf/items_16x16/oryx_16bit_fantasy_items_13.png,items_16x16,34,54,61,0.9512
src/Presentation/assets/sprites_16bf/items_16x16/oryx_16bit_fantasy_items_130.png,items_16x16,13,33,38,0.8919
src/Presentation/assets/sprites_16bf/items_16x16/oryx_16bit_fantasy_items_131.png,items_16x16,13,33,38,0.8919
src/Presentation/assets/sprites_16bf/items_16x16/oryx_16bit_fantasy_items_132.png,items_16x16,13,33,38,0.8919
src/Presentation/assets/sprites_16bf/items_16x16/oryx_16bit_fantasy_items_133.png,items_16x16,9,26,35,0.8408
src/Presentation/assets/sprites_16bf/items_16x16/oryx_16bit_fantasy_items_134.png,items_16x16,11,34,41,0.8662
src/Presentation/assets/sprites_16bf/items_16x16/oryx_16bit_fantasy_items_135.png,items_16x16,15,31,40,0.8981
src/Presentation/assets/sprites_16bf/items_16x16/oryx_16bit_fantasy_items_136.png,items_16x16,8,10,24,0.9706
src/Presentation/assets/sprites_16bf/items_16x16/oryx_16bit_fantasy_items_137.png,items_16x16,7,8,17,0.9255
src/Presentation/assets/sprites_16bf/items_16x16/oryx_16bit_fantasy_items_138.png,items_16x16,12,19,23,0.9561
src/Presentation/assets/sprites_16bf/items_16x16/oryx_16bit_fantasy_items_139.png,items_16x16,5,19,23,0.9175
src/Presentation/assets/sprites_16bf/items_16x16/oryx_16bit_fantasy_items_14.png,items_16x16,34,54,61,0.9512
src/Presentation/assets/sprites_16bf/items_16x16/oryx_16bit_fantasy_items_140.png,items_16x16,4,11,15,0.9468
src/Presentation/assets/sprites_16bf/items_16x16/oryx_16bit_fantasy_items_141.png,items_16x16,8,23,27,0.9184
src/Presentation/assets/sprites_16bf/items_16x16/oryx_16bit_fantasy_items_142.png,items_16x16,23,24,29,0.9425
src/Presentation/assets/sprites_16bf/items_16x16/oryx_16bit_fantasy_items_143.png,items_16x16,18,19,23,0.931
src/Presentation/assets/sprites_16bf/items_16x16/oryx_16bit_fantasy_items_144.png,items_16x16,16,45,48,0.9295
src/Presentation/assets/sprites_16bf/items_16x16/oryx_16bit_fantasy_items_145.png,items_16x16,7,18,26,0.903
src/Presentation/assets/sprites_16bf/items_16x16/oryx_16bit_fantasy_items_146.png,items_16x16,8,13,20,0.881
src/Presentation/assets/sprites_16bf/items_16x16/oryx_16bit_fantasy_items_147.png,items_16x16,15,33,41,0.9293
src/Presentation/assets/sprites_16bf/items_16x16/oryx_16bit_fantasy_items_148.png,items_16x16,14,32,41,0.9565
src/Presentation/assets/sprites_16bf/items_16x16/oryx_16bit_fantasy_items_149.png,items_16x16,7,15,27,0.9348
src/Presentation/assets/sprites_16bf/items_16x16/oryx_16bit_fantasy_items_15.png,items_16x16,32,52,59,0.9512
src/Presentation/assets/sprites_16bf/items_16x16/oryx_16bit_fantasy_items_150.png,items_16x16,5,22,27,0.9091
src/Presentation/assets/sprites_16bf/items_16x16/oryx_16bit_fantasy_items_151.png,items_16x16,13,26,32,0.9478
src/Presentation/assets/sprites_16bf/items_16x16/oryx_16bit_fantasy_items_152.png,items_16x16,41,54,55,1.0
src/Presentation/assets/sprites_16bf/items_16x16/oryx_16bit_fantasy_items_153.png,items_16x16,30,37,40,0.8148
src/Presentation/assets/sprites_16bf/items_16x16/oryx_16bit_fantasy_items_154.png,items_16x16,44,46,49,0.9706
src/Presentation/assets/sprites_16bf/items_16x16/oryx_16bit_fantasy_items_155.png,items_16x16,44,48,52,0.8197
src/Presentation/assets/sprites_16bf/items_16x16/oryx_16bit_fantasy_items_156.png,items_16x16,44,48,52,0.8197
src/Presentation/assets/sprites_16bf/items_16x16/oryx_16bit_fantasy_items_157.png,items_16x16,44,48,52,0.8197
src/Presentation/assets/sprites_16bf/items_16x16/oryx_16bit_fantasy_items_158.png,items_16x16,44,48,52,0.8197
src/Presentation/assets/sprites_16bf/items_16x16/oryx_16bit_fantasy_items_159.png,items_16x16,41,49,52,0.96
src/Presentation/assets/sprites_16bf/items_16x16/oryx_16bit_fantasy_items_16.png,items_16x16,32,52,59,0.9512
src/Presentation/assets/sprites_16bf/items_16x16/oryx_16bit_fantasy_items_160.png,items_16x16,41,49,52,0.96
src/Presentation/assets/sprites_16bf/items_16x16/oryx_16bit_fantasy_items_161.png,items_16x16,57,70,74,0.9704
src/Presentation/assets/sprites_16bf/items_16x16/oryx_16bit_fantasy_items_162.png,items_16x16,48,62,66,0.9556
src/Presentation/assets/sprites_16bf/items_16x16/oryx_16bit_fantasy_items_163.png,items_16x16,48,62,66,0.9556
src/Presentation/assets/sprites_16bf/items_16x16/oryx_16bit_fantasy_items_164.png,items_16x16,34,39,43,0.7835
src/Presentation/assets/sprites_16bf/items_16x16/oryx_16bit_fantasy_items_165.png,items_16x16,32,41,46,0.8829
src/Presentation/assets/sprites_16bf/items_16x16/oryx_16bit_fantasy_items_166.png,items_16x16,35,42,45,0.7207
src/Presentation/assets/sprites_16bf/items_16x16/oryx_16bit_fantasy_items_167.png,items_16x16,38,49,50,0.8824
src/Presentation/assets/sprites_16bf/items_16x16/oryx_16bit_fantasy_items_168.png,items_16x16,39,54,56,0.8922
src/Presentation/assets/sprites_16bf/items_16x16/oryx_16bit_fantasy_items_169.png,items_16x16,43,64,66,0.8647
src/Presentation/assets/sprites_16bf/items_16x16/oryx_16bit_fantasy_items_17.png,items_16x16,32,52,59,0.9512
src/Presentation/assets/sprites_16bf/items_16x16/oryx_16bit_fantasy_items_170.png,items_16x16,45,68,70,0.9699
src/Presentation/assets/sprites_16bf/items_16x16/oryx_16bit_fantasy_items_171.png,items_16x16,45,68,70,0.9496
src/Presentation/assets/sprites_16bf/items_16x16/oryx_16bit_fantasy_items_172.png,items_16x16,69,91,93,0.985
src/Presentation/assets/sprites_16bf/items_16x16/oryx_16bit_fantasy_items_173.png,items_16x16,58,75,77,0.8889
src/Presentation/assets/sprites_16bf/items_16x16/oryx_16bit_fantasy_items_174.png,items_16x16,43,63,65,0.8626
src/Presentation/assets/sprites_16bf/items_16x16/oryx_16bit_fantasy_items_175.png,items_16x16,33,44,50,0.9217
src/Presentation/assets/sprites_16bf/items_16x16/oryx_16bit_fantasy_items_176.png,items_16x16,32,45,50,0.8596
src/Presentation/assets/sprites_16bf/items_16x16/oryx_16bit_fantasy_items_177.png,items_16x16,64,68,68,1.0
src/Presentation/assets/sprites_16bf/items_16x16/oryx_16bit_fantasy_items_178.png,items_16x16,53,59,60,0.9865
src/Presentation/assets/sprites_16bf/items_16x16/oryx_16bit_fantasy_items_179.png,items_16x16,41,54,55,1.0
src/Presentation/assets/sprites_16bf/items_16x16/oryx_16bit_fantasy_items_18.png,items_16x16,31,48,56,0.939
src/Presentation/assets/sprites_16bf/items_16x16/oryx_16bit_fantasy_items_180.png,items_16x16,56,62,62,1.0
src/Presentation/assets/sprites_16bf/items_16x16/oryx_16bit_fantasy_items_181.png,items_16x16,64,68,68,1.0
src/Presentation/assets/sprites_16bf/items_16x16/oryx_16bit_fantasy_items_182.png,items_16x16,64,68,68,1.0
src/Presentation/assets/sprites_16bf/items_16x16/oryx_16bit_fantasy_items_183.png,items_16x16,84,88,88,1.0
src/Presentation/assets/sprites_16bf/items_16x16/oryx_16bit_fantasy_items_184.png,items_16x16,76,80,81,1.0
src/Presentation/assets/sprites_16bf/items_16x16/oryx_16bit_fantasy_items_185.png,items_16x16,61,66,66,1.0
src/Presentation/assets/sprites_16bf/items_16x16/oryx_16bit_fantasy_items_186.png,items_16x16,61,66,66,1.0
src/Presentation/assets/sprites_16bf/items_16x16/oryx_16bit_fantasy_items_187.png,items_16x16,61,66,66,1.0
src/Presentation/assets/sprites_16bf/items_16x16/oryx_16bit_fantasy_items_188.png,items_16x16,64,68,68,1.0
src/Presentation/assets/sprites_16bf/items_16x16/oryx_16bit_fantasy_items_189.png,items_16x16,56,64,65,1.0
src/Presentation/assets/sprites_16bf/items_16x16/oryx_16bit_fantasy_items_19.png,items_16x16,14,23,28,0.8487
src/Presentation/assets/sprites_16bf/items_16x16/oryx_16bit_fantasy_items_190.png,items_16x16,61,69,70,1.0
src/Presentation/assets/sprites_16bf/items_16x16/oryx_16bit_fantasy_items_191.png,items_16x16,33,41,47,0.9775
src/Presentation/assets/sprites_16bf/items_16x16/oryx_16bit_fantasy_items_192.png,items_16x16,35,41,48,0.9787
src/Presentation/assets/sprites_16bf/items_16x16/oryx_16bit_fantasy_items_193.png,items_16x16,35,41,48,0.9787
src/Presentation/assets/sprites_16bf/items_16x16/oryx_16bit_fantasy_items_194.png,items_16x16,33,41,47,0.9775
src/Presentation/assets/sprites_16bf/items_16x16/oryx_16bit_fantasy_items_195.png,items_16x16,33,41,47,0.9775
src/Presentation/assets/sprites_16bf/items_16x16/oryx_16bit_fantasy_items_196.png,items_16x16,34,54,63,0.9862
src/Presentation/assets/sprites_16bf/items_16x16/oryx_16bit_fantasy_items_197.png,items_16x16,34,54,63,0.9862
src/Presentation/assets/sprites_16bf/items_16x16/oryx_16bit_fantasy_items_198.png,items_16x16,34,54,63,0.9862
src/Presentation/assets/sprites_16bf/items_16x16/oryx_16bit_fantasy_items_199.png,items_16x16,43,48,50,0.9683
src/Presentation/assets/sprites_16bf/items_16x16/oryx_16bit_fantasy_items_20.png,items_16x16,14,23,28,0.8487
src/Presentation/assets/sprites_16bf/items_16x16/oryx_16bit_fantasy_items_200.png,items_16x16,54,60,61,0.9859
src/Presentation/assets/sprites_16bf/items_16x16/oryx_16bit_fantasy_items_201.png,items_16x16,39,47,48,0.9851
src/Presentation/assets/sprites_16bf/items_16x16/oryx_16bit_fantasy_items_202.png,items_16x16,33,38,40,0.863
src/Presentation/assets/sprites_16bf/items_16x16/oryx_16bit_fantasy_items_203.png,items_16x16,32,38,40,0.9143
src/Presentation/assets/sprites_16bf/items_16x16/oryx_16bit_fantasy_items_204.png,items_16x16,54,60,61,0.9859
src/Presentation/assets/sprites_16bf/items_16x16/oryx_16bit_fantasy_items_205.png,items_16x16,51,59,62,0.977
src/Presentation/assets/sprites_16bf/items_16x16/oryx_16bit_fantasy_items_206.png,items_16x16,56,61,63,0.9518
src/Presentation/assets/sprites_16bf/items_16x16/oryx_16bit_fantasy_items_207.png,items_16x16,23,40,42,0.9872
src/Presentation/assets/sprites_16bf/items_16x16/oryx_16bit_fantasy_items_208.png,items_16x16,21,39,41,0.9872
src/Presentation/assets/sprites_16bf/items_16x16/oryx_16bit_fantasy_items_209.png,items_16x16,52,60,62,0.9535
src/Presentation/assets/sprites_16bf/items_16x16/oryx_16bit_fantasy_items_21.png,items_16x16,14,23,28,0.8487
src/Presentation/assets/sprites_16bf/items_16x16/oryx_16bit_fantasy_items_210.png,items_16x16,74,80,82,0.9615
src/Presentation/assets/sprites_16bf/items_16x16/oryx_16bit_fantasy_items_211.png,items_16x16,72,83,85,0.9828
src/Presentation/assets/sprites_16bf/items_16x16/oryx_16bit_fantasy_items_212.png,items_16x16,54,65,69,0.973
src/Presentation/assets/sprites_16bf/items_16x16/oryx_16bit_fantasy_items_213.png,items_16x16,73,83,85,0.9815
src/Presentation/assets/sprites_16bf/items_16x16/oryx_16bit_fantasy_items_214.png,items_16x16,67,86,89,0.9845
src/Presentation/assets/sprites_16bf/items_16x16/oryx_16bit_fantasy_items_215.png,items_16x16,40,48,51,0.8846
src/Presentation/assets/sprites_16bf/items_16x16/oryx_16bit_fantasy_items_216.png,items_16x16,34,41,44,0.7885
src/Presentation/assets/sprites_16bf/items_16x16/oryx_16bit_fantasy_items_217.png,items_16x16,30,47,50,0.9623
src/Presentation/assets/sprites_16bf/items_16x16/oryx_16bit_fantasy_items_218.png,items_16x16,38,52,56,0.9783
src/Presentation/assets/sprites_16bf/items_16x16/oryx_16bit_fantasy_items_219.png,items_16x16,35,42,45,0.9222
src/Presentation/assets/sprites_16bf/items_16x16/oryx_16bit_fantasy_items_22.png,items_16x16,14,23,28,0.8487
src/Presentation/assets/sprites_16bf/items_16x16/oryx_16bit_fantasy_items_220.png,items_16x16,42,49,53,0.8846
src/Presentation/assets/sprites_16bf/items_16x16/oryx_16bit_fantasy_items_221.png,items_16x16,4,24,37,0.9887
src/Presentation/assets/sprites_16bf/items_16x16/oryx_16bit_fantasy_items_222.png,items_16x16,13,41,52,0.9096
src/Presentation/assets/sprites_16bf/items_16x16/oryx_16bit_fantasy_items_223.png,items_16x16,8,36,47,0.8362
src/Presentation/assets/sprites_16bf/items_16x16/oryx_16bit_fantasy_items_224.png,items_16x16,12,40,51,0.904
src/Presentation/assets/sprites_16bf/items_16x16/oryx_16bit_fantasy_items_225.png,items_16x16,41,45,48,0.875
src/Presentation/assets/sprites_16bf/items_16x16/oryx_16bit_fantasy_items_226.png,items_16x16,41,45,48,0.875
src/Presentation/assets/sprites_16bf/items_16x16/oryx_16bit_fantasy_items_227.png,items_16x16,41,45,48,0.875
src/Presentation/assets/sprites_16bf/items_16x16/oryx_16bit_fantasy_items_228.png,items_16x16,18,23,30,0.8
src/Presentation/assets/sprites_16bf/items_16x16/oryx_16bit_fantasy_items_229.png,items_16x16,16,21,27,0.8444
src/Presentation/assets/sprites_16bf/items_16x16/oryx_16bit_fantasy_items_23.png,items_16x16,25,56,57,1.0
src/Presentation/assets/sprites_16bf/items_16x16/oryx_16bit_fantasy_items_230.png,items_16x16,24,41,49,0.9651
src/Presentation/assets/sprites_16bf/items_16x16/oryx_16bit_fantasy_items_231.png,items_16x16,0,0,6,0.8036
src/Presentation/assets/sprites_16bf/items_16x16/oryx_16bit_fantasy_items_232.png,items_16x16,0,0,9,0.7679
src/Presentation/assets/sprites_16bf/items_16x16/oryx_16bit_fantasy_items_233.png,items_16x16,0,2,6,0.9018
src/Presentation/assets/sprites_16bf/items_16x16/oryx_16bit_fantasy_items_234.png,items_16x16,16,28,37,0.8571
src/Presentation/assets/sprites_16bf/items_16x16/oryx_16bit_fantasy_items_235.png,items_16x16,12,24,34,0.8608
src/Presentation/assets/sprites_16bf/items_16x16/oryx_16bit_fantasy_items_236.png,items_16x16,16,32,43,0.9114
src/Presentation/assets/sprites_16bf/items_16x16/oryx_16bit_fantasy_items_237.png,items_16x16,20,32,42,0.9241
src/Presentation/assets/sprites_16bf/items_16x16/oryx_16bit_fantasy_items_238.png,items_16x16,12,24,34,0.8608
src/Presentation/assets/sprites_16bf/items_16x16/oryx_16bit_fantasy_items_239.png,items_16x16,18,34,43,0.8554
src/Presentation/assets/sprites_16bf/items_16x16/oryx_16bit_fantasy_items_24.png,items_16x16,19,46,49,0.9828
src/Presentation/assets/sprites_16bf/items_16x16/oryx_16bit_fantasy_items_240.png,items_16x16,14,34,43,0.8642
src/Presentation/assets/sprites_16bf/items_16x16/oryx_16bit_fantasy_items_241.png,items_16x16,12,24,34,0.8608
src/Presentation/assets/sprites_16bf/items_16x16/oryx_16bit_fantasy_items_242.png,items_16x16,12,24,34,0.8608
src/Presentation/assets/sprites_16bf/items_16x16/oryx_16bit_fantasy_items_243.png,items_16x16,2,12,18,0.5604
src/Presentation/assets/sprites_16bf/items_16x16/oryx_16bit_fantasy_items_244.png,items_16x16,12,22,31,0.7333
src/Presentation/assets/sprites_16bf/items_16x16/oryx_16bit_fantasy_items_245.png,items_16x16,8,19,27,0.8261
src/Presentation/assets/sprites_16bf/items_16x16/oryx_16bit_fantasy_items_246.png,items_16x16,12,22,30,0.7802
src/Presentation/assets/sprites_16bf/items_16x16/oryx_16bit_fantasy_items_247.png,items_16x16,6,18,29,0.8242
src/Presentation/assets/sprites_16bf/items_16x16/oryx_16bit_fantasy_items_248.png,items_16x16,10,20,27,0.6044
src/Presentation/assets/sprites_16bf/items_16x16/oryx_16bit_fantasy_items_249.png,items_16x16,14,23,32,0.8132
src/Presentation/assets/sprites_16bf/items_16x16/oryx_16bit_fantasy_items_25.png,items_16x16,23,51,53,1.0
src/Presentation/assets/sprites_16bf/items_16x16/oryx_16bit_fantasy_items_250.png,items_16x16,16,30,36,0.8101
src/Presentation/assets/sprites_16bf/items_16x16/oryx_16bit_fantasy_items_251.png,items_16x16,16,30,38,0.8354
src/Presentation/assets/sprites_16bf/items_16x16/oryx_16bit_fantasy_items_252.png,items_16x16,18,32,38,0.8228
src/Presentation/assets/sprites_16bf/items_16x16/oryx_16bit_fantasy_items_253.png,items_16x16,16,30,38,0.8354
src/Presentation/assets/sprites_16bf/items_16x16/oryx_16bit_fantasy_items_254.png,items_16x16,24,40,48,0.8471
src/Presentation/assets/sprites_16bf/items_16x16/oryx_16bit_fantasy_items_255.png,items_16x16,40,54,60,0.8462
src/Presentation/assets/sprites_16bf/items_16x16/oryx_16bit_fantasy_items_256.png,items_16x16,34,45,50,0.8372
src/Presentation/assets/sprites_16bf/items_16x16/oryx_16bit_fantasy_items_257.png,items_16x16,16,31,35,0.7595
src/Presentation/assets/sprites_16bf/items_16x16/oryx_16bit_fantasy_items_258.png,items_16x16,22,45,51,0.9125
src/Presentation/assets/sprites_16bf/items_16x16/oryx_16bit_fantasy_items_259.png,items_16x16,22,45,51,0.9125
src/Presentation/assets/sprites_16bf/items_16x16/oryx_16bit_fantasy_items_26.png,items_16x16,23,48,51,0.9818
src/Presentation/assets/sprites_16bf/items_16x16/oryx_16bit_fantasy_items_260.png,items_16x16,27,51,57,0.9187
src/Presentation/assets/sprites_16bf/items_16x16/oryx_16bit_fantasy_items_261.png,items_16x16,22,45,51,0.9125
src/Presentation/assets/sprites_16bf/items_16x16/oryx_16bit_fantasy_items_262.png,items_16x16,22,45,51,0.9125
src/Presentation/assets/sprites_16bf/items_16x16/oryx_16bit_fantasy_items_263.png,items_16x16,22,45,51,0.9125
src/Presentation/assets/sprites_16bf/items_16x16/oryx_16bit_fantasy_items_264.png,items_16x16,13,35,42,0.8931
src/Presentation/assets/sprites_16bf/items_16x16/oryx_16bit_fantasy_items_265.png,items_16x16,18,29,40,0.881
src/Presentation/assets/sprites_16bf/items_16x16/oryx_16bit_fantasy_items_266.png,items_16x16,48,60,70,0.9048
src/Presentation/assets/sprites_16bf/items_16x16/oryx_16bit_fantasy_items_267.png,items_16x16,21,35,45,0.8988
src/Presentation/assets/sprites_16bf/items_16x16/oryx_16bit_fantasy_items_268.png,items_16x16,20,34,44,0.8988
src/Presentation/assets/sprites_16bf/items_16x16/oryx_16bit_fantasy_items_269.png,items_16x16,24,41,50,0.9107
src/Presentation/assets/sprites_16bf/items_16x16/oryx_16bit_fantasy_items_27.png,items_16x16,37,62,64,0.9916
src/Presentation/assets/sprites_16bf/items_16x16/oryx_16bit_fantasy_items_270.png,items_16x16,20,33,43,0.8988
src/Presentation/assets/sprites_16bf/items_16x16/oryx_16bit_fantasy_items_271.png,items_16x16,21,35,45,0.8988
src/Presentation/assets/sprites_16bf/items_16x16/oryx_16bit_fantasy_items_272.png,items_16x16,21,35,45,0.8988
src/Presentation/assets/sprites_16bf/items_16x16/oryx_16bit_fantasy_items_273.png,items_16x16,12,23,28,0.7024
src/Presentation/assets/sprites_16bf/items_16x16/oryx_16bit_fantasy_items_274.png,items_16x16,24,36,48,0.9107
src/Presentation/assets/sprites_16bf/items_16x16/oryx_16bit_fantasy_items_275.png,items_16x16,7,25,29,0.8968
src/Presentation/assets/sprites_16bf/items_16x16/oryx_16bit_fantasy_items_276.png,items_16x16,9,29,36,0.9127
src/Presentation/assets/sprites_16bf/items_16x16/oryx_16bit_fantasy_items_277.png,items_16x16,17,30,39,0.8815
src/Presentation/assets/sprites_16bf/items_16x16/oryx_16bit_fantasy_items_278.png,items_16x16,14,23,31,0.9077
src/Presentation/assets/sprites_16bf/items_16x16/oryx_16bit_fantasy_items_279.png,items_16x16,7,14,21,0.85
src/Presentation/assets/sprites_16bf/items_16x16/oryx_16bit_fantasy_items_28.png,items_16x16,19,46,48,1.0
src/Presentation/assets/sprites_16bf/items_16x16/oryx_16bit_fantasy_items_280.png,items_16x16,13,29,36,0.8896
src/Presentation/assets/sprites_16bf/items_16x16/oryx_16bit_fantasy_items_281.png,items_16x16,15,26,35,0.9313
src/Presentation/assets/sprites_16bf/items_16x16/oryx_16bit_fantasy_items_282.png,items_16x16,9,20,29,0.9247
src/Presentation/assets/sprites_16bf/items_16x16/oryx_16bit_fantasy_items_283.png,items_16x16,9,25,31,0.8696
src/Presentation/assets/sprites_16bf/items_16x16/oryx_16bit_fantasy_items_284.png,items_16x16,12,25,30,0.8768
src/Presentation/assets/sprites_16bf/items_16x16/oryx_16bit_fantasy_items_285.png,items_16x16,12,25,30,0.8768
src/Presentation/assets/sprites_16bf/items_16x16/oryx_16bit_fantasy_items_286.png,items_16x16,12,25,30,0.8768
src/Presentation/assets/sprites_16bf/items_16x16/oryx_16bit_fantasy_items_287.png,items_16x16,3,14,20,0.9191
src/Presentation/assets/sprites_16bf/items_16x16/oryx_16bit_fantasy_items_288.png,items_16x16,4,18,24,0.9338
src/Presentation/assets/sprites_16bf/items_16x16/oryx_16bit_fantasy_items_289.png,items_16x16,3,14,20,0.9191
src/Presentation/assets/sprites_16bf/items_16x16/oryx_16bit_fantasy_items_29.png,items_16x16,22,32,37,0.7006
src/Presentation/assets/sprites_16bf/items_16x16/oryx_16bit_fantasy_items_290.png,items_16x16,5,15,22,0.9265
src/Presentation/assets/sprites_16bf/items_16x16/oryx_16bit_fantasy_items_291.png,items_16x16,3,14,20,0.9191
src/Presentation/assets/sprites_16bf/items_16x16/oryx_16bit_fantasy_items_292.png,items_16x16,3,14,20,0.9191
src/Presentation/assets/sprites_16bf/items_16x16/oryx_16bit_fantasy_items_293.png,items_16x16,3,14,20,0.9191
src/Presentation/assets/sprites_16bf/items_16x16/oryx_16bit_fantasy_items_294.png,items_16x16,4,18,24,0.9338
src/Presentation/assets/sprites_16bf/items_16x16/oryx_16bit_fantasy_items_295.png,items_16x16,3,14,20,0.9191
src/Presentation/assets/sprites_16bf/items_16x16/oryx_16bit_fantasy_items_296.png,items_16x16,7,23,32,0.9324
src/Presentation/assets/sprites_16bf/items_16x16/oryx_16bit_fantasy_items_297.png,items_16x16,2,9,14,0.8015
src/Presentation/assets/sprites_16bf/items_16x16/oryx_16bit_fantasy_items_298.png,items_16x16,6,11,24,0.7383
src/Presentation/assets/sprites_16bf/items_16x16/oryx_16bit_fantasy_items_299.png,items_16x16,6,11,24,0.7383
src/Presentation/assets/sprites_16bf/items_16x16/oryx_16bit_fantasy_items_30.png,items_16x16,22,32,37,0.7006
src/Presentation/assets/sprites_16bf/items_16x16/oryx_16bit_fantasy_items_300.png,items_16x16,10,29,42,0.9159
src/Presentation/assets/sprites_16bf/items_16x16/oryx_16bit_fantasy_items_301.png,items_16x16,112,117,128,0.9813
src/Presentation/assets/sprites_16bf/items_16x16/oryx_16bit_fantasy_items_302.png,items_16x16,12,33,44,0.9216
src/Presentation/assets/sprites_16bf/items_16x16/oryx_16bit_fantasy_items_303.png,items_16x16,12,33,44,0.9216
src/Presentation/assets/sprites_16bf/items_16x16/oryx_16bit_fantasy_items_304.png,items_16x16,12,33,44,0.9216
src/Presentation/assets/sprites_16bf/items_16x16/oryx_16bit_fantasy_items_305.png,items_16x16,12,33,44,0.9216
src/Presentation/assets/sprites_16bf/items_16x16/oryx_16bit_fantasy_items_306.png,items_16x16,10,20,33,0.8627
src/Presentation/assets/sprites_16bf/items_16x16/oryx_16bit_fantasy_items_307.png,items_16x16,20,23,34,0.7807
src/Presentation/assets/sprites_16bf/items_16x16/oryx_16bit_fantasy_items_308.png,items_16x16,18,22,31,0.7193
src/Presentation/assets/sprites_16bf/items_16x16/oryx_16bit_fantasy_items_31.png,items_16x16,22,32,37,0.7006
src/Presentation/assets/sprites_16bf/items_16x16/oryx_16bit_fantasy_items_32.png,items_16x16,22,32,37,0.7006
src/Presentation/assets/sprites_16bf/items_16x16/oryx_16bit_fantasy_items_33.png,items_16x16,22,32,37,0.7006
src/Presentation/assets/sprites_16bf/items_16x16/oryx_16bit_fantasy_items_34.png,items_16x16,22,32,37,0.7006
src/Presentation/assets/sprites_16bf/items_16x16/oryx_16bit_fantasy_items_35.png,items_16x16,22,32,37,0.7006
src/Presentation/assets/sprites_16bf/items_16x16/oryx_16bit_fantasy_items_36.png,items_16x16,10,19,27,0.8707
src/Presentation/assets/sprites_16bf/items_16x16/oryx_16bit_fantasy_items_37.png,items_16x16,26,37,43,0.7879
src/Presentation/assets/sprites_16bf/items_16x16/oryx_16bit_fantasy_items_38.png,items_16x16,30,47,53,0.8415
src/Presentation/assets/sprites_16bf/items_16x16/oryx_16bit_fantasy_items_39.png,items_16x16,23,27,31,0.8645
src/Presentation/assets/sprites_16bf/items_16x16/oryx_16bit_fantasy_items_40.png,items_16x16,23,27,31,0.8645
src/Presentation/assets/sprites_16bf/items_16x16/oryx_16bit_fantasy_items_41.png,items_16x16,23,27,31,0.8645
src/Presentation/assets/sprites_16bf/items_16x16/oryx_16bit_fantasy_items_42.png,items_16x16,23,27,31,0.8645
src/Presentation/assets/sprites_16bf/items_16x16/oryx_16bit_fantasy_items_43.png,items_16x16,23,27,31,0.8645
src/Presentation/assets/sprites_16bf/items_16x16/oryx_16bit_fantasy_items_44.png,items_16x16,23,27,31,0.8645
src/Presentation/assets/sprites_16bf/items_16x16/oryx_16bit_fantasy_items_45.png,items_16x16,2,3,7,0.5246
src/Presentation/assets/sprites_16bf/items_16x16/oryx_16bit_fantasy_items_46.png,items_16x16,2,3,7,0.5246
src/Presentation/assets/sprites_16bf/items_16x16/oryx_16bit_fantasy_items_47.png,items_16x16,2,3,7,0.5246
src/Presentation/assets/sprites_16bf/items_16x16/oryx_16bit_fantasy_items_48.png,items_16x16,2,3,7,0.5246
src/Presentation/assets/sprites_16bf/items_16x16/oryx_16bit_fantasy_items_49.png,items_16x16,2,3,7,0.5246
src/Presentation/assets/sprites_16bf/items_16x16/oryx_16bit_fantasy_items_50.png,items_16x16,54,58,58,1.0
src/Presentation/assets/sprites_16bf/items_16x16/oryx_16bit_fantasy_items_51.png,items_16x16,51,59,60,1.0
src/Presentation/assets/sprites_16bf/items_16x16/oryx_16bit_fantasy_items_52.png,items_16x16,49,58,59,1.0
src/Presentation/assets/sprites_16bf/items_16x16/oryx_16bit_fantasy_items_53.png,items_16x16,49,58,59,1.0
src/Presentation/assets/sprites_16bf/items_16x16/oryx_16bit_fantasy_items_54.png,items_16x16,49,58,59,1.0
src/Presentation/assets/sprites_16bf/items_16x16/oryx_16bit_fantasy_items_55.png,items_16x16,35,35,42,0.9292
src/Presentation/assets/sprites_16bf/items_16x16/oryx_16bit_fantasy_items_56.png,items_16x16,35,35,42,0.9292
src/Presentation/assets/sprites_16bf/items_16x16/oryx_16bit_fantasy_items_57.png,items_16x16,35,35,42,0.9292
src/Presentation/assets/sprites_16bf/items_16x16/oryx_16bit_fantasy_items_58.png,items_16x16,35,35,42,0.9292
src/Presentation/assets/sprites_16bf/items_16x16/oryx_16bit_fantasy_items_59.png,items_16x16,13,30,32,0.9348
src/Presentation/assets/sprites_16bf/items_16x16/oryx_16bit_fantasy_items_60.png,items_16x16,40,72,74,0.9625
src/Presentation/assets/sprites_16bf/items_16x16/oryx_16bit_fantasy_items_61.png,items_16x16,13,30,32,0.9348
src/Presentation/assets/sprites_16bf/items_16x16/oryx_16bit_fantasy_items_62.png,items_16x16,40,72,74,0.9625
src/Presentation/assets/sprites_16bf/items_16x16/oryx_16bit_fantasy_items_63.png,items_16x16,13,30,32,0.9348
src/Presentation/assets/sprites_16bf/items_16x16/oryx_16bit_fantasy_items_64.png,items_16x16,40,72,74,0.9625
src/Presentation/assets/sprites_16bf/items_16x16/oryx_16bit_fantasy_items_65.png,items_16x16,13,30,32,0.9348
src/Presentation/assets/sprites_16bf/items_16x16/oryx_16bit_fantasy_items_66.png,items_16x16,40,72,74,0.9625
src/Presentation/assets/sprites_16bf/items_16x16/oryx_16bit_fantasy_items_67.png,items_16x16,17,20,28,0.8221
src/Presentation/assets/sprites_16bf/items_16x16/oryx_16bit_fantasy_items_68.png,items_16x16,20,24,33,0.8942
src/Presentation/assets/sprites_16bf/items_16x16/oryx_16bit_fantasy_items_69.png,items_16x16,27,30,40,0.7745
src/Presentation/assets/sprites_16bf/items_16x16/oryx_16bit_fantasy_items_70.png,items_16x16,23,28,36,0.8317
src/Presentation/assets/sprites_16bf/items_16x16/oryx_16bit_fantasy_items_71.png,items_16x16,15,16,25,0.8606
src/Presentation/assets/sprites_16bf/items_16x16/oryx_16bit_fantasy_items_72.png,items_16x16,20,30,35,0.7313
src/Presentation/assets/sprites_16bf/items_16x16/oryx_16bit_fantasy_items_73.png,items_16x16,15,39,43,0.8095
src/Presentation/assets/sprites_16bf/items_16x16/oryx_16bit_fantasy_items_74.png,items_16x16,15,39,43,0.8095
src/Presentation/assets/sprites_16bf/items_16x16/oryx_16bit_fantasy_items_75.png,items_16x16,15,39,43,0.8095
src/Presentation/assets/sprites_16bf/items_16x16/oryx_16bit_fantasy_items_76.png,items_16x16,13,33,38,0.9515
src/Presentation/assets/sprites_16bf/items_16x16/oryx_16bit_fantasy_items_77.png,items_16x16,13,33,38,0.9515
src/Presentation/assets/sprites_16bf/items_16x16/oryx_16bit_fantasy_items_78.png,items_16x16,21,41,47,0.9206
src/Presentation/assets/sprites_16bf/items_16x16/oryx_16bit_fantasy_items_79.png,items_16x16,29,45,53,1.0
src/Presentation/assets/sprites_16bf/items_16x16/oryx_16bit_fantasy_items_80.png,items_16x16,16,36,44,0.9618
src/Presentation/assets/sprites_16bf/items_16x16/oryx_16bit_fantasy_items_81.png,items_16x16,22,47,52,0.9774
src/Presentation/assets/sprites_16bf/items_16x16/oryx_16bit_fantasy_items_82.png,items_16x16,21,46,51,0.9774
src/Presentation/assets/sprites_16bf/items_16x16/oryx_16bit_fantasy_items_83.png,items_16x16,22,45,51,0.9774
src/Presentation/assets/sprites_16bf/items_16x16/oryx_16bit_fantasy_items_84.png,items_16x16,20,40,45,0.9756
src/Presentation/assets/sprites_16bf/items_16x16/oryx_16bit_fantasy_items_85.png,items_16x16,10,21,23,0.7619
src/Presentation/assets/sprites_16bf/items_16x16/oryx_16bit_fantasy_items_86.png,items_16x16,12,19,23,0.8333
src/Presentation/assets/sprites_16bf/items_16x16/oryx_16bit_fantasy_items_87.png,items_16x16,12,22,23,0.5714
src/Presentation/assets/sprites_16bf/items_16x16/oryx_16bit_fantasy_items_88.png,items_16x16,19,37,41,0.9286
src/Presentation/assets/sprites_16bf/items_16x16/oryx_16bit_fantasy_items_89.png,items_16x16,10,34,39,0.9527
src/Presentation/assets/sprites_16bf/items_16x16/oryx_16bit_fantasy_items_90.png,items_16x16,10,34,39,0.9527
src/Presentation/assets/sprites_16bf/items_16x16/oryx_16bit_fantasy_items_91.png,items_16x16,10,34,39,0.9527
src/Presentation/assets/sprites_16bf/items_16x16/oryx_16bit_fantasy_items_92.png,items_16x16,10,34,39,0.9527
src/Presentation/assets/sprites_16bf/items_16x16/oryx_16bit_fantasy_items_93.png,items_16x16,10,34,39,0.9527
src/Presentation/assets/sprites_16bf/items_16x16/oryx_16bit_fantasy_items_94.png,items_16x16,13,24,29,0.8243
src/Presentation/assets/sprites_16bf/items_16x16/oryx_16bit_fantasy_items_95.png,items_16x16,13,24,29,0.8243
src/Presentation/assets/sprites_16bf/items_16x16/oryx_16bit_fantasy_items_96.png,items_16x16,18,40,45,0.9697
src/Presentation/assets/sprites_16bf/items_16x16/oryx_16bit_fantasy_items_97.png,items_16x16,18,40,45,0.9697
src/Presentation/assets/sprites_16bf/items_16x16/oryx_16bit_fantasy_items_98.png,items_16x16,21,37,42,0.9559
src/Presentation/assets/sprites_16bf/items_16x16/oryx_16bit_fantasy_items_99.png,items_16x16,5,24,29,0.8649
